plot_id,basal_area,density,mean_dbh,max_dbh,cv_dbh,plot_area,elevation,mean_dbh_large,total_richness,total_simpson,AM,EM,cmi_mean,bio11_tmin
1,6.937346530502522,598.0861244019142,10.607692307692307,33,57.00839651967154,0.043472,127,20.32,6,3.3138021561219433,0.6627065267682573,0.3372934732317427,72.5,18.350000000000023
2,13.268800752432318,566.650330801274,11.89864864864865,79,106.61086451535886,0.065296,466,27.42857142857143,10,2.743952651890849,0.953003134124454,0,129.5,16.55000000000001
3,21.95554856509327,1116.5762098597932,12.917721518987342,50.7,71.18780943251906,0.07075200000000001,327,36.785714285714285,7,1.85726968528145,0.9397341610771262,0,100.4,17.450000000000045
4,11.886287204690008,592.8853754940707,13.772222222222222,36,59.63812068474017,0.06072,165,28.266666666666666,5,1.680083400797192,0.4917825749406285,0.37289492830439624,73,18.15000000000003
5,38.94304846150688,809.1196777905642,18.13888888888889,107,93.922554970869,0.055616,79,50.083333333333336,5,1.53425931379668,0.9894848896118024,0,61.7,18.450000000000045
6,2.864313445061486,308.0503833515882,9.722222222222223,19.3,53.29753985975376,0.029216,64,15.966666666666669,2,1.853996589623025,1,0,60.900000000000006,18.65000000000003
7,38.76535639115403,605.1640667025282,23.35555555555556,60.8,71.36892706719178,0.059488,1891,52.71666666666667,5,1.4209779494347687,0.08221574059145702,0.917784259408543,235.8,8.050000000000011
8,80.86784890254863,998.1572481572474,23.361538461538466,149,95.07918213320671,0.06512000000000001,1497,72,16,4.5591306318420575,0.48595071455831224,0.5140492854416878,126.9,11.750000000000057
9,67.22733578389948,1557.6323987538929,18.206818181818186,90.2,81.56748146746854,0.056496,1233,59.95,20,7.186394892294322,0.4936145556560644,0.26434066541708356,141.5,12.250000000000057
10,30.99221552538878,997.3404255319132,15.783333333333331,70,77.28590642153542,0.06617600000000001,600,46.6,21,5.135807484626013,0.23928755998913576,0.7575794245058987,125.4,16.850000000000023
11,66.33440082726149,1197.788697788697,18.01025641025641,151,109.04547333269244,0.06512000000000001,994,63.957142857142856,25,3.0555144168423727,0.9171396413930224,0.0796461524444347,125.1,15.150000000000034
12,61.82724672959624,1198.5085227272718,16.825925925925926,110,115.60778769850168,0.067584,862,65.8,28,4.046355312991109,0.3926672130623495,0.5370524202428059,111.9,15.950000000000044
13,50.5670084776898,1024.327784891166,19.8953125,83.5,77.2840741970204,0.06248000000000001,957,57.33333333333333,16,5.914602996011049,0.4058680286791005,0.5714613948950898,116.7,15.950000000000044
14,41.04899811335981,2312.5459446214154,13.649668874172184,30.8,46.31075249725969,0.065296,702,29.52857142857143,34,10.274770829281303,0.6074858049646885,0.3216053528215751,109.1,16.150000000000034
15,3.976831920276202,472.21545210821336,9.69032258064516,21,38.29322582573839,0.065648,1415,15,9,4.001520121752902,0.633352663873092,0,125.9,13.450000000000044
16,43.98125936198622,638.6539816772371,21.482758620689655,85,96.54249034296738,0.045408,507,60.46,11,4.960423913010507,0.6506999561460265,0.3263607312829803,123.9,16.650000000000034
17,61.48443325753323,1906.5237088492863,16.624752475247526,66.3,70.03769839727867,0.05297600000000001,728,53.76,20,3.8253310228147126,1,0,111.3,16.850000000000023
18,22.93925033065696,217.9327521793275,31.857142857142858,70,58.75391542489788,0.06424,561,50.416666666666664,4,2.4766090641985543,0.34116170067535884,0.10820349307466562,112.2,17.150000000000034
19,36.92231187587467,2101.7383870048475,13.088813559322034,37.5,55.51947464937217,0.056144,1388,33.95,25,3.6619021938629936,0.8651204809545527,0.13025562515766095,133,12.850000000000025
20,37.13003760866104,619.55996131528,22.070731707317073,82.5,76.19837593062901,0.06617600000000001,841,52.357142857142854,19,8.727037718245592,0.6859728127975886,0.16224592662873835,121,15.850000000000025
21,14.152772049479625,467.710643015521,15.107407407407408,53,84.5310920911189,0.05772799999999999,559,36.18333333333334,11,6.12381790340579,0.8363943304517278,0.16360566954827208,116.6,17.05000000000001
22,21.131962361917857,1556.0758337140246,11.659633027522936,30.5,52.38388339745431,0.070048,225,26.1,14,3.354913164619848,0.6665977601805086,0.26571605921351454,92.4,19.05000000000001
23,22.458648777641415,1888.1651884700643,11.176146788990826,29,46.30693856592101,0.05772799999999999,603,26.166666666666668,19,7.258548095634988,0.6656687301557618,0.321888473761367,115.1,16.950000000000045
24,20.647951244410084,1179.2452830188668,13.03896103896104,40,56.15874399057543,0.065296,570,30.985714285714288,29,9.124810205859962,0.8189950978931548,0.09011986503414064,103.9,17.05000000000001
25,26.159387937308352,1772.950636586997,12.369291338582675,34.7,47.92449472276864,0.07163200000000002,817,29.2,38,14.76984828065706,0.6414196094622601,0.3490878407920014,136.5,16.450000000000045
26,39.16049707956931,1966.783216783222,11.828148148148149,117,90.44900365527158,0.06864,561,41.92857142857143,39,4.803084564748385,0.25193099996812857,0.7456463670842357,115.1,17.55000000000001
27,61.836299540458086,1438.2102272727273,16.523456790123458,106,100.87778835567542,0.05632,464,65.43333333333334,20,4.062105116110901,0.3674611946683641,0.632538805331636,81.60000000000001,18.450000000000045
28,33.25814648012308,1651.1266511266494,13.881372549019607,40.1,57.81267031180951,0.06177600000000001,362,35.21666666666667,35,9.261345397838872,0.6223503550638507,0.3622651321203253,118.7,18.350000000000023
29,30.352636976876862,3409.090909090925,10.017171717171715,25.5,36.110461238701205,0.05808000000000001,694,22.433333333333337,46,13.35575212722514,0.5770443104221704,0.3790759108807254,107.2,17.05000000000001
30,17.6858974584679,1794.2583732057417,10.535714285714286,26,36.288417133305686,0.070224,406,20.87142857142857,22,7.706307764080758,0.6607821632738576,0.3106173330425822,99,18.250000000000057
31,18.499486185576615,1100.3521126760563,12.965454545454543,37.8,52.768957239146985,0.049984,287,29.5,21,7.812996278898979,1,0,113.3,18.15000000000003
32,27.448450167031783,2821.316614420068,10.335416666666667,34.2,40.09341240673779,0.05104,430,25.16,26,7.716913151996289,0.5350210814539517,0.4388611439592309,90.7,18.850000000000023
33,30.973642509174756,2375.673107380426,11.624166666666666,32.3,48.00712240303395,0.050512,405,27.46,23,10.627736419552944,0.504633271867333,0.4873067008305684,95.1,19.05000000000001
34,38.651179499279515,2116.381940207447,13.562162162162162,56.7,51.63496965112162,0.052448,356,34.82,26,11.179571092332957,0.6030682446249228,0.31106996684821936,79.4,19.250000000000057
35,59.7525256249519,2021.0494203782823,15.884905660377358,54.8,70.46396198337591,0.052448,670,50.02,25,4.210001280752775,0.8416221168411354,0.1513128100485666,91.5,17.55000000000001
36,37.0450885460796,1657.1969696969718,15.068253968253968,45.9,50.75794323787189,0.03801600000000001,367,34.25,16,5.766988209216823,0.759098907851736,0.24090109214826408,91.3,18.55000000000001
37,15.433374190431492,1345.2279807419984,10.897368421052631,43.1,48.28492438379925,0.056496,227,22.383333333333333,15,4.524997037466688,0.6343135837346653,0.2066100167947588,82.9,19.750000000000057
38,30.672983153359716,3307.9078455790886,10.114117647058825,26.3,39.37605358754014,0.05139200000000001,495,22.84,37,9.3988543118852,0.546227339281388,0.4369292027008521,99.9,18.950000000000045
39,28.6800446441062,1315.7894736842104,15.016666666666667,31.6,48.400564659437414,0.05016,416,30.28,15,4.924849830602947,0.753024409493207,0.246975590506793,83.10000000000001,19.05000000000001
40,18.66475909757656,950.2692429521688,13.310416666666669,46.2,64.83264495638701,0.050512,192,33.34,16,5.40172007385112,0.9596610542677948,0,78.4,20.05000000000001
41,29.72775053309271,1650.1650165016465,13.488636363636363,40.1,51.35051891026065,0.05332800000000001,333,32.28,26,10.857244100785248,0.5672094521039822,0.4017565957834862,85.60000000000001,19.65000000000003
42,25.212642482552415,943.759630200309,15.49387755102041,58,65.23886045868616,0.05192000000000001,0,38.92,15,4.275627137763885,0.979302326422852,0,74.3,19.15000000000003
43,36.10954118518518,1623.376623376625,14.6175,46.1,57.409028386600134,0.04928,156,37.8,16,5.396380651975238,0.7527578092059212,0.2368569179418052,81.4,20.05000000000001
44,32.95800037831209,3104.498594189319,10.741509433962264,30.7,41.54555525954199,0.05121600000000001,0,26.48,15,5.847926665017501,0.7454568266906251,0,74.3,19.15000000000003
45,11.537555388597744,1116.4274322169058,10.653571428571428,24.1,40.2760183867716,0.05016,171,20.86,17,11.69348578865858,0.6618432143860636,0.3381567856139364,68.9,20.15000000000003
46,13.846395488076674,1390.0472616068937,10.15125,35.6,48.34200776075824,0.05755200000000001,153,24.05,15,4.115909631227217,0.8537786522696195,0,45.1,20.950000000000045
47,33.91531490502162,2409.2515258593035,11.6625,48.4,56.60769293024571,0.049808,136,32.74,15,5.356050056321845,0.9612407176853324,0,45,20.65000000000003
48,10.355654927620504,554.5789385568395,13.40377358490566,37.2,57.40680032354418,0.095568,600,26.63,8,3.2278954751016697,0.7664755230722925,0.23352447692770753,64.3,17.850000000000023
49,3.517631774246752,137.7410468319559,17.8,21.8,18.711604489583213,0.02904,145,19.133333333333333,1,1,1,0,29.9,20.15000000000003
50,28.06931977286089,1793.465155534119,11.974789915966388,62.6,62.68790727014738,0.06635200000000001,392,33.471428571428575,17,4.239872553041972,0.8968284753330699,0.02419149675031647,45.3,19.15000000000003
51,69.77608285200152,1926.3698630136964,17.207070707070706,90,75.05437322485643,0.05139200000000001,629,58.82,28,4.231083380162458,0.9698514055482657,0,45.1,17.950000000000045
52,17.645626705598957,1488.095238095237,11.517045454545457,23.4,37.39387941799491,0.05913600000000001,460,21.8,12,2.6310596830617436,0.8249606935267273,0.12170481794158942,87.4,18.850000000000023
53,28.830751349070365,1546.6267257098225,13.36,52,57.727871718896985,0.061424,382,34.31666666666667,14,7.349793941535637,0.8642112500075939,0.12837602493251496,47.2,18.850000000000023
54,18.877030384318537,998.1572481572474,13.08923076923077,48,64.17079036778188,0.06512000000000001,188,31.928571428571427,19,5.16589907468367,0.5609501161375953,0.2630984489462533,58,20.05000000000001
55,12.732655648473145,858.2806921175505,11.872,38.3,58.914121859434786,0.05825600000000001,853,27.816666666666663,14,4.187787491265436,0.9803576939880636,0.01964230601193651,132.1,14.650000000000034
56,4.39540247331488,629.1946308724827,8.903030303030302,18.3,35.49078357913114,0.052448,1298,15.34,11,6.5333951302561575,0.6966678036674155,0,132.20000000000002,12.850000000000025
57,20.693221259219804,1498.2876712328753,12.333766233766234,25.9,39.75371535394431,0.05139200000000001,907,24.18,9,1.3071294452906306,0.9723720034530848,0.01359984062686762,105.1,15.150000000000034
58,31.640618109133506,1178.169656430527,15.943548387096774,42.5,59.23080687989978,0.052624,1217,38.1,18,10.821055706652016,0.629978433285972,0.1830139789448602,119.2,13.350000000000025
59,20.97806169335203,962.3926562037324,14.892307692307693,31.4,50.62986252239723,0.054032,460,30.22,6,1.7492336811929707,0.7784230673654409,0.21453939818679824,101.6,17.05000000000001
60,35.693834083659034,1050.7471980074713,17.01111111111111,65,70.99181319422007,0.05139200000000001,1120,45.48,13,6.387348276586457,0.7252595011318943,0.2747404988681057,114.3,12.750000000000057
61,28.401371127612663,1733.4360554699556,13.04888888888889,37.2,47.717377029112214,0.05192000000000001,371,29.74,11,2.1348013764247318,0.5652077522129603,0.36278599184147287,95.6,17.950000000000045
62,36.94381140606109,1246.729888816219,16.332786885245902,50.4,64.90472436218062,0.048928,589,42.1,11,1.998322706284732,0.5718807902399116,0.3614437198706996,94.1,16.350000000000023
63,22.504756783180035,1239.6694214876024,12.411666666666669,47.1,71.33870103376422,0.0484,253,36.44,6,1.8589732473965352,0.5510787389494066,0.4489212610505934,84.9,19.450000000000045
64,14.642337882146812,1035.535208197078,11.9,36.9,52.436436110139795,0.07339200000000001,956,26.257142857142856,7,2.3454311987285967,0.7854435338025132,0.20852114309441283,99,14.450000000000044
65,58.60985593246659,1326.4174849540707,18.765671641791045,85.5,77.88905197616629,0.050512,1477,56.82,18,7.229834835007245,0.8147780497903323,0.18522195020966753,124.2,12.750000000000057
66,14.978503354025236,1664.5326504481457,9.732692307692307,34.9,45.99721350858279,0.06248000000000001,963,23.133333333333333,15,3.707894996587749,0.6710834470925646,0.2223940786754668,98.1,15.950000000000044
67,33.045169080186795,1972.853535353534,12.094,51.1,68.0230663210523,0.050688,1072,42.82,10,3.328980271496186,0.6006953271280616,0.3993046728719384,102.7,15.650000000000034
68,15.781076254873737,1336.8983957219266,10.83421052631579,30,53.306936838003416,0.056848,1026,25.933333333333337,11,5.4520779847543075,1,0,119.6,14.450000000000044
69,26.65725016375328,1689.6910279263243,12.032967032967033,51.1,62.57881856209182,0.05385600000000001,720,36.88,15,5.146807129421486,0.7747609600660116,0.154976551373012,87.60000000000001,16.450000000000045
70,37.6682814184298,758.809594314481,20.265853658536585,69.8,74.32492050959121,0.054032,1268,53.2,14,6.888297233181535,0.5864753175490082,0.05647042026854735,109.8,14.050000000000011
71,41.56579672566725,1158.5830370746576,19.36712328767123,53,46.99591013578207,0.06300800000000001,1077,40.9,20,7.917931709217259,0.5195927986102359,0.44523180573702015,109.1,15.450000000000044
72,29.52056315312136,1431.6392269148196,14.063541666666666,46.8,57.52191181270992,0.067056,792,35.3,17,8.605654311459773,0.7995721888798939,0.1061519288787836,92.3,16.450000000000045
73,22.28243283413881,891.5618955512558,15.84915254237288,40.1,52.096372797195855,0.06617600000000001,666,32.971428571428575,6,2.199148126261015,0.6608601334977847,0.3391398665022154,79.9,17.950000000000045
74,10.242944958978148,733.8141563233812,12.074285714285717,25.4,47.48742192881883,0.047696,244,23.18,7,2.6578889077758823,0.9846248462484624,0,55.1,18.850000000000023
75,19.04332608012195,1974.5325596389457,10.321428571428571,29.8,39.27526835566243,0.049632,139,23.9,9,3.5304033754262147,0.7852069300280367,0.21479306997196332,50.400000000000006,19.850000000000023
76,17.285428117285544,1091.4227015921929,12.927941176470588,32.1,45.7835900393711,0.062304,339,26.3,10,4.337041647425581,0.7109243667925697,0,63.6,18.950000000000045
77,53.92298599631094,956.4869803563272,20.195522388059704,110,87.8317523640883,0.070048,1511,60.72857142857143,13,3.829797074733196,0.7150406904015633,0.2712961285841615,174,12.150000000000034
78,35.122605595342584,1876.7217630853984,13.170642201834864,51.4,61.41106940779027,0.05808000000000001,2416,40.56666666666666,12,2.3779041317929708,0.25406626402097227,0.7407781126768985,179.4,4.850000000000023
79,41.8692806240176,635.2343308865052,22.458333333333336,86,82.63333178176039,0.05667200000000001,2523,56.85,9,3.597336586232715,0.185243993386708,0.814756006613292,178.60000000000002,4.150000000000034
80,22.48144830578748,564.8591174906965,17.741176470588236,73.7,79.27789240184808,0.06019200000000001,1837,42.93333333333334,8,2.8363325770811683,0.8730137847154673,0.12698621528453274,164.9,9.150000000000034
81,29.630126424084704,1057.082452431291,16.7,38.2,53.30297051434921,0.06054400000000001,1753,32.916666666666664,9,1.2557047175006788,0.10013933969601344,0.8939274861511597,146.1,9.550000000000011
82,51.248808948605294,1435.8385297013454,18.294285714285714,50.2,60.25395694322444,0.048752,2127,42.2,6,1.8418433178492075,0.6194193280731531,0.3805806719268469,143.70000000000002,6.9500000000000455
83,45.06092704174434,901.2539184952972,18.82608695652174,87,90.21328664652673,0.05104,2407,59.42,10,3.710444955137077,0.5509536135895423,0.44904638641045785,159.60000000000002,4.850000000000023
84,46.05831891598552,1964.0852974186332,15.132142857142858,58,55.37836487302823,0.057024,2354,37.34285714285714,13,3.1342937069617727,0.3190041708631352,0.6809958291368648,172,5.250000000000057
85,28.09059361033793,681.1989100817442,17.59318181818182,63,84.41063871365019,0.06459200000000001,1150,51.65,19,5.243971657423912,0.6315878258446431,0.3684121741553568,172.4,13.150000000000034
86,29.802328225859352,1058.37789661319,17.73157894736842,36.6,37.7915784743664,0.05385600000000001,1805,32.4,5,1.0823466141836038,1,0,171.3,8.350000000000023
87,28.65974469735093,516.5289256198348,23.155172413793103,54.8,57.35577673460519,0.056144,1850,43.4,4,2.013259545639433,0.4276121111888559,0.5723878888111441,171.8,8.250000000000057
88,27.226610713966085,1204.6257629296497,14.403333333333334,43,62.74700779408572,0.049808,1758,36.28333333333333,9,3.770975158609073,0.14291273770988214,0.8570872622901179,168.60000000000002,9.650000000000034
89,70.54239754118885,1298.7012987013,23.553125,62.7,50.05922700698031,0.04928,1177,47.9,2,1.0267094731133146,1,0,129.8,12.450000000000044
90,23.3745340288219,610.0111544896821,19.02,50.6,59.90730333529927,0.05737600000000001,1415,38.9,5,2.8219621265755843,0.738934081220148,0.26106591877985197,124.4,10.550000000000011
91,45.44164598766472,649.3506493506493,23.9675,90,75.18173915469966,0.0616,2228,58.483333333333334,9,2.4114170719180175,0.9860965707370342,0.01390342926296582,148,5.4500000000000455
92,95.4734952196984,1182.2416713721072,20.659701492537312,141,119.59759955231766,0.05667200000000001,2021,90.18333333333334,16,3.8750115284264224,0.8193063340871845,0.18069366591281555,162.9,7.550000000000011
93,25.184360622116326,374.0381875178114,25.314285714285713,71.5,59.5565506344923,0.056144,2001,44.36666666666667,8,3.545139309258383,0.24487125037942056,0.7551287496205795,168.20000000000002,7.350000000000023
94,59.17370478888955,1277.4557657107991,18.938805970149257,92.5,80.87571407912179,0.052448,2086,59.78,10,3.363570049416315,0.8210539671977821,0.1789460328022179,174,7.650000000000034
95,26.405596857569435,472.0798489344483,22.071428571428573,67.5,69.21341019397038,0.05931200000000001,1483,45.61666666666667,9,5.427368584092774,0.9936428452668538,0.00635715473314618,170.8,10.950000000000044
96,69.96012065507136,1098.5992859104645,23.6359375,64.3,67.71456857998349,0.05825600000000001,1481,55.53333333333333,13,3.226608547907105,0.45673076261424506,0.5278963253094121,149.4,10.950000000000044
97,38.25808870217337,2188.7742863996077,13.105479452054794,53.9,54.57158354772525,0.06670400000000001,1211,36.614285714285714,12,5.906278608915348,0.3305429410257441,0.4685272026203919,120.1,13.250000000000057
98,56.77432280096104,588.9689578713969,29.294117647058822,70.3,66.57907185916017,0.05772799999999999,2204,60.233333333333334,10,1.99975029832381,0.884353500576504,0.10593185380744163,131.20000000000002,6.750000000000057
99,50.31960408868924,887.7840909090919,22.274,79.5,68.10854727115154,0.05632,2125,50.78333333333333,11,6.129425851856103,0.5274856082400894,0.47251439175991056,159.70000000000002,6.750000000000057
100,6.236203815919152,361.76370446033366,12.7,32.4,61.916255274728414,0.046992,745,21.8,5,3.678475420707107,1,0,163.60000000000002,13.850000000000025
101,55.05661982704299,1374.13537549407,13.062921348314603,160,141.8514810038399,0.06476799999999999,2410,57.28333333333333,7,2.6306190928532063,0.2989787308051624,0.7010212691948376,168.8,5.350000000000023
102,54.26863630386881,2741.3624111737263,13.518435754189944,51.6,61.755167628049335,0.065296,2086,43.27142857142857,15,5.195368429972946,0.19512369687351225,0.6167287802269704,160.20000000000002,8.050000000000011
103,33.767729822301305,1071.0136508858564,17.742372881355934,42.1,52.91412212941602,0.05508800000000001,823,37.25,10,7.153293056237793,0.5679419959763857,0.21757062243109543,130.4,14.650000000000034
104,54.63743045760475,581.4726209463051,25.237142857142857,116,95.09191088063164,0.06019200000000001,1358,67.65,10,2.385984592691724,0.8313995249585914,0.16860047504140868,108.6,13.150000000000034
105,53.90188952411058,863.9021796916527,22.619230769230768,75.4,75.07065358671815,0.06019200000000001,1329,59.266666666666666,16,4.037650102067852,0.9738755472999868,0.02612445270001323,120.5,11.150000000000034
106,48.39649620293953,1481.3311688311703,17.17808219178082,65,64.44971226665487,0.04928,1988,49.3,12,4.045397501678569,0.121056502496742,0.6050889665939797,155.4,7.650000000000034
107,61.48163456689037,446.2160875773439,32.67333333333333,96,81.57869990490978,0.067232,2034,70.81428571428572,11,3.574419621418883,0.46083220225795674,0.5391677977420433,157.20000000000002,7.350000000000023
108,72.50870348658843,1408.1027667984204,17.687719298245614,111,105.1362429553753,0.08096,1641,77.6875,18,5.911759466763536,0.18746696602691396,0.7565954241163971,159.70000000000002,8.950000000000045
109,83.97542933646437,964.8370497427084,26.065079365079367,110,80.08220821085274,0.065296,1388,71.62857142857143,18,7.974624630432867,0.6887124849990409,0.311287515000959,147.8,10.650000000000034
110,25.14211892418053,790.5138339920942,15.439583333333331,58.5,84.47630478529352,0.06072,507,46.46666666666667,8,1.5892042718246204,0.09163359584253794,0.9083664041574622,100.3,16.55000000000001
111,39.07887563786615,1191.6275214147538,17.857971014492755,47,56.024440420793155,0.05790400000000001,1182,39.58333333333333,21,12.683912376759205,0.6378714535385709,0.3244968044076765,100.3,14.150000000000034
112,54.17499519029527,606.0606060606062,23.190625,111.2,107.34353402490964,0.0528,1662,73.68,14,3.785447238914395,0.4012553669809443,0.5987446330190558,162.5,10.050000000000011
113,68.27137457480136,813.8820638820633,24.4811320754717,87,89.28089731353941,0.06512000000000001,1601,70.78571428571429,14,6.74133850706568,0.4207318597438385,0.29909493713199437,146.9,11.150000000000034
114,86.03330764951008,3244.1927158015405,15.046408839779003,72.5,70.29689582199491,0.05579200000000001,2138,56.7,17,2.9809384228770788,0.13754707717878356,0.6569529320844704,156.60000000000002,7.350000000000023
115,71.5987305145712,1099.7067448680357,22.325,87.9,82.12697888944192,0.05456,1610,68.64,8,1.9088737756198852,0.397172052915701,0.6028279470842989,164.60000000000002,12.150000000000034
116,30.941288270808656,534.7593582887698,22.990625,54.5,63.754514220329305,0.05984000000000001,1711,48.05,13,3.307504471662711,0.996488489771114,0.00351151022888596,155.60000000000002,13.850000000000025
117,28.122808455390487,524.2153679653676,20.751612903225805,76.4,77.82866956464456,0.05913600000000001,1200,46.233333333333334,10,4.149194321204207,0.9801379481467012,0.00411851503809015,144.70000000000002,12.550000000000011
118,19.399087158619572,1005.6315366049884,13.216666666666669,35.1,64.26182231409095,0.059664,1425,32.95,13,2.302343291453895,0.2228596321854779,0.6765723900079782,137.5,12.150000000000034
119,23.032762776705383,1360.4353393085782,12.23235294117647,33.5,67.37968566164895,0.024992,1551,31.95,8,1.770705719762728,0.09284114921379089,0.8596880369348139,159.10000000000002,10.350000000000025
120,48.69933717610358,820.262483994878,17.917073170731708,124.7,117.83999401336982,0.049984,1329,59.3,14,2.8077553984356136,0.6974506285542462,0.3025493714457538,157.3,11.050000000000011
121,20.7761644213405,688.7052341597797,15.59722222222222,53,77.16305401105839,0.052272,16.3,41.58,7,3.659650692799607,0.4979060408168826,0.5020939591831173,133.5,11.550000000000011
122,34.2520848058614,1031.2196700097063,16.676470588235293,55.5,72.87612558534659,0.04945600000000001,2091,43.3,10,2.067782651905818,0.20866117082333313,0.7913388291766668,136.70000000000002,7.550000000000011
123,83.01941071910116,874.1258741258721,21.049999999999997,153.2,132.30256649915643,0.093808,1975,86.4888888888889,19,2.521388352147641,0.9113859038268805,0.08671363305995922,163,6.750000000000057
124,54.52299882787798,1023.0926629640454,22.4375,70.7,59.508420703569385,0.054736,1204,50.4,15,5.4509844728301236,0.5198677253730837,0.4801322746269162,160.9,12.150000000000034
125,56.17147652708822,1217.532467532469,17.76086956521739,72.7,93.53281066515518,0.05667200000000001,1713,60.28333333333333,13,2.616916365708945,0.2426483518339504,0.7334533480768666,155.70000000000002,9.450000000000044
126,27.685572134089217,1014.6103896103876,15.414666666666667,51.2,68.44043407969576,0.07392,1196,40.128571428571426,16,4.453249994160287,0.478309889372224,0.4641102528784959,146,12.550000000000011
127,34.79445769792241,752.0053475935825,19.377777777777776,67.5,76.49442021849589,0.047872,1633,50.18,11,4.949965208365043,0.1980737164583584,0.7373193933259551,151.3,10.350000000000025
128,9.249974116959478,507.65385816932167,13.580769230769231,36.5,51.78611012904555,0.05121600000000001,834,23.683333333333337,12,4.5510528967962935,0.5563393823636805,0.4244202502436106,127.4,13.550000000000011
129,42.51766020165216,1088.4709160571224,18.326,75,70.05138643532632,0.045936,1371,47.06,13,2.582098562964939,0.7866060513695188,0.13466583223354614,127.1,12.350000000000025
130,47.21853752066368,488.1287097781939,26.16,82.5,91.27297881914788,0.05121600000000001,2262,67.1,7,2.365641365697301,0.4602954547500519,0.5381035248071606,151.20000000000002,6.750000000000057
131,39.627093272118245,2046.1309523809507,13.900826446280991,38.6,52.7645337654047,0.05913600000000001,2070,34.71666666666667,18,6.191404775371925,0.48668705678960505,0.4767999682661151,158.8,7.750000000000057
132,68.67880346158243,963.8798701298692,25.11578947368421,90,66.78433996280899,0.05913600000000001,1932,61.13333333333333,9,2.2402700733863137,0.9972837089596012,0.00271629104039888,150.6,9.150000000000034
133,37.710404916669376,1742.4242424242454,13.79913043478261,45.6,67.162026735378,0.066,1088,40.31428571428572,26,4.964840418677847,0.31437877356102145,0.6815192279653319,149.4,13.450000000000044
134,12.053999476440204,172.98275494996807,27.33076923076923,44.5,45.1026225117522,0.07515200000000001,962,35.9875,5,3.336631806359768,0.8195925127590294,0.18040748724097053,134,13.250000000000057
135,27.631630385228473,980.3921568627442,15.045454545454543,63.1,77.38810570961519,0.04488,614,46.325,18,5.138761339027114,0.8877415866747149,0.06559065501514907,115.6,14.650000000000034
136,50.715221038453706,484.70486859112464,31.705555555555556,65,58.68479084746474,0.03713600000000001,1136,59.15,6,1.2204613954357613,0.9389329410498368,0.03006709482975129,109.9,12.750000000000057
137,70.72844603905332,2667.6829268292713,16.723376623376623,35.1,45.650233727630926,0.05772799999999999,1876,32.88333333333333,10,2.2271892296419944,0.6214909362169708,0.35449909966230153,142.9,8.450000000000045
138,28.299539875238743,802.3316740895982,17.208163265306123,57.2,72.61861641390102,0.06107200000000001,1611,44.7,14,4.0083903320804195,0.45711794216779383,0.5428820578322062,153,10.950000000000044
139,57.07217188134501,1308.5399449035806,18.222368421052632,60.5,82.54431973273914,0.05808000000000001,815,54.88333333333333,19,6.729658246680519,0.5144475359246952,0.47998323151126526,135.4,14.850000000000025
140,49.07323585518397,970.0665188470056,20.89387755102041,69,69.66512735261404,0.050512,1492,52.44,17,5.931194087464072,0.7080692591760579,0.2919307408239421,118.5,11.850000000000025
141,106.54586848099132,917.0653907496012,26.42608695652174,169.9,106.9166694538899,0.05016,1917,89.1,7,3.103571137828505,0.7470595964154055,0.2529404035845944,124.7,8.250000000000057
142,1.3695705556264255,188.1396748946418,9.42,11.4,23.587431981850703,0.026576,2080,10.8,3,2.3128622763408653,1,0,140.6,7.250000000000057
143,9.2919826960812415,184.3657817109145,19.18181818181818,67,90.46843446155994,0.059664,882,27.533333333333335,4,1.3168803329335932,1,0,147.9,14.850000000000025
144,67.42362893297255,1033.0578512396685,20.858620689655172,95,96.22545671951008,0.056144,1034,70.56666666666666,16,6.008415005809035,0.5717208972144525,0.4282791027855474,135.1,14.150000000000034
145,29.04218984534756,1246.793958392704,14.011428571428572,73.2,71.97968742473527,0.056144,545,38.583333333333336,15,6.113140138572384,0.8095371063366833,0.01739560993734039,121.1,17.150000000000034
146,49.813659095391586,1415.7354273633318,16.586666666666666,57.3,79.80482476244175,0.05297600000000001,1704,52.62,19,5.024289072981052,0.4124755630944301,0.5627378475171587,124.9,10.050000000000011
147,110.92667016204852,1311.1888111888125,21.543478260869566,121,115.77071662267136,0.052624,1715,92.76,13,3.229944208518724,0.4805421626361484,0.5194578373638515,121.2,10.250000000000057
148,70.79477362834002,980.2497821667162,22.43148148148148,79.2,91.8214906527436,0.05508800000000001,1640,69.3,15,4.3398818605666385,0.3788581424362637,0.6187041994511371,132.6,9.850000000000025
149,81.60379667482596,954.9274255156614,26.058333333333337,95.4,78.2660401489175,0.062832,1197,71.11666666666667,17,5.480965646988055,0.8279702127626014,0.1720297872373986,150.3,12.650000000000034
150,32.75100975648519,736.5319865319867,18.88095238095238,59.8,77.62149742192244,0.057024,1220,46.31666666666666,12,5.295777264020554,0.5359500461868593,0.1714792568477629,146,14.050000000000011
151,6.751942039305267,267.82981328435875,16.84285714285714,36.7,37.629514610339974,0.052272,736,21.96,8,5.098735045796287,0.7406115289337952,0,125.2,16.650000000000034
152,54.91711055049498,570.14784523435,24.844827586206897,104,101.09711585325284,0.050864,1507,71.44,8,4.317157203030865,0.6782962170696616,0.3217037829303384,139.70000000000002,9.850000000000025
153,33.62499012014631,518.0481283422457,21.483870967741936,80.8,90.38040934388349,0.05984000000000001,1337,54,9,1.3808725098333825,0.9574598019382892,0.03739555822358612,124.9,12.350000000000025
154,20.70334846156539,789.1414141414144,14.14,57.7,82.72739531899677,0.06336,1424,42.166666666666664,16,6.448467204755882,0.5283476417345433,0.4571191474045116,124.7,11.750000000000057
155,59.88824187271502,1434.2453662842026,19.216666666666665,60.8,66.73910052605765,0.054384,1523,53.88,19,2.2156456162260123,0.35698282479140697,0.6237759202099776,128.8,11.850000000000025
156,52.78272963553395,1136.3636363636367,18.887096774193548,81,81.77220274388942,0.05456,805,61.04,13,5.007217556228641,0.5828096576168833,0,129.20000000000002,15.550000000000011
157,38.59487567899139,985.8044164037864,16.58909090909091,104.3,90.90551053140052,0.05579200000000001,501,47.13333333333333,12,3.0040890305541903,0.8923440537593974,0,128.1,17.350000000000023
158,39.5630475705919,538.7931034482755,23.73939393939394,73.2,82.43560979394897,0.061248,1663,59.45,6,2.442847415909479,0.42911157115862786,0.558622313371675,128.5,9.050000000000011
159,82.03800677056498,1067.2198172198157,22.498591549295774,93.3,97.30931182625946,0.066528,1586,75.9,18,3.547542209724542,0.44189256295041146,0.5561125818443675,131.8,10.750000000000057
160,79.21403633074812,1467.026825633381,20.83968253968254,65,76.97040443399045,0.042944,1165,60.5,18,4.8840929939576405,0.41109578633820326,0.5609838889159274,114.8,13.650000000000034
161,57.02479776823847,811.6883116883107,19.73404255319149,106,115.11513913394408,0.05790400000000001,928,69.58333333333333,14,4.078537180369645,0.33782341349944256,0.5842077239563663,118,14.850000000000025
162,32.655813269609176,1376.8228358672038,14.680281690140845,49.1,63.79724463001353,0.05156800000000001,508,42.68,16,5.36466648366497,0.7238942920454605,0.10700894297334038,112.2,16.950000000000045
163,50.80695995503889,360.999497739829,34.969565217391306,85,69.75095304838618,0.06371200000000002,942,69.56666666666666,7,4.307488913311327,0.6240004205696605,0,120.5,14.350000000000025
164,50.88737882427334,660.2724492632753,24.16578947368421,99,83.58942238624392,0.05755200000000001,1278,62.46666666666667,8,3.511167515172655,0.6273099923207631,0.26449459781714246,113.6,12.550000000000011
165,41.70471843367369,846.2282398452608,19.15714285714286,75.5,85.27111269079838,0.049632,933,56.44,9,4.1292552539085055,0.6488607758466935,0.21689510923690825,126.8,14.750000000000057
166,72.86897784690072,848.0325644504757,25.342,118,84.7303138064015,0.05896,1543,72.16666666666667,13,4.440315843832665,0.4548118075404455,0.5451881924595545,139.5,10.750000000000057
167,81.62607162273746,2084.924879042527,18.758015267175573,80,64.7993304306745,0.062832,1502,56.3,16,2.320940269045413,0.22218203534893313,0.4204061684286797,135,12.050000000000011
168,10.43256820907922,130.117973629424,28.216666666666665,47.3,58.191830942264986,0.046112,649,32.56,3,2.113943850513527,1,0,94.4,15.550000000000011
169,31.15984136384305,851.4540214828388,16.475,80.3,85.4838297891931,0.06107200000000001,429,48.03333333333333,19,6.129961154820752,0.9406857531621012,0,100.6,17.350000000000023
170,50.3750755344937,1082.2510822510817,20.636666666666667,62.3,63.107150147870584,0.05544000000000001,842,48.63333333333333,16,7.27918972149488,0.7988168252467838,0,108.7,16.150000000000034
171,32.190168475383466,1070.918610185627,15.42361111111111,74.3,78.57384018729032,0.067232,562,44.22857142857143,18,6.0131188445528325,0.9918982337656452,0.00810176623435476,84.9,17.150000000000034
172,30.597908758513835,988.8710109949052,17.83050847457627,52,49.325942143299805,0.059664,519,36.38333333333333,10,4.269518863500981,0.8112027664160745,0,103.7,17.55000000000001
173,46.25377871354512,1073.232323232323,18.814705882352943,60,74.7223583704886,0.06336,840,53.81666666666667,9,2.4268358233969787,0.9144852486806064,0,88.4,15.250000000000057
174,48.563136559621114,772.2859664607237,23.264285714285716,69.5,70.0714432842244,0.054384,1457,56.74,13,6.4028558581356725,0.6596268046048026,0.3114937674791565,145.5,12.450000000000044
175,49.62898671611085,967.4447174447168,19.43174603174603,84.7,86.1144738030502,0.06512000000000001,806,57.2,15,4.71807611051817,0.9251171887491448,0.0649089487618774,138.1,15.150000000000034
176,42.18487500725809,801.2820512820507,19.91272727272727,88,83.86334623156444,0.06864,1035,56.3,10,4.079110811183931,0.8655357886038084,0,136.70000000000002,12.950000000000044
177,85.54830747203032,1139.573703133025,20.356338028169013,130,115.12194648930706,0.062304,1533,82.61666666666667,12,3.149541012915992,0.43451158819732183,0.5654884118026781,141.3,11.050000000000011
178,37.51812699706804,821.6783216783211,19.853191489361706,62.5,69.66454101643444,0.0572,790,49.86666666666667,12,6.693954435360112,1,0,125.5,15.050000000000011
179,17.763618178801913,783.6990595611279,15.622727272727271,36.3,43.20661284066142,0.056144,796,26.833333333333332,14,4.7250318074178415,0.8829714039562613,0.10458226722214146,116.7,14.950000000000044
180,70.01453086826737,1851.3789581205335,18.575862068965517,77,63.15526054566961,0.062656,1975,54.43333333333334,16,2.275931564522812,0.17526884664885448,0.726492690578925,150.9,10.550000000000011
181,60.26153296477272,1373.419626730885,17.486301369863014,82.7,91.57181691235424,0.053152,1257,63.76,24,4.617561549021071,0.510057880493036,0.4836263589905651,149.6,13.050000000000011
182,39.43610483819431,863.0609896432686,20.798333333333332,62.3,59.22793553137283,0.06952,589,43.84285714285714,18,6.609951350944232,0.6346156120422204,0.35662174026408483,113.5,17.750000000000057
183,25.616535017892712,1525.8592997108906,12.782894736842106,39.6,55.88012178302939,0.049808,198,33.18,22,10.695251143145002,0.9189413310516624,0,106.2,18.65000000000003
184,17.451610456366133,949.3670886075956,13.578787878787878,36.5,52.29892645993398,0.06952,200,29.42857142857143,11,2.8043037955070584,0.8866026718416995,0.090473550153345,135.1,18.250000000000057
185,22.109179818904327,1308.0444735120986,13.4015625,36.8,44.87786048799883,0.048928,749,26.02,3,1.049368035716075,0.5385005898873472,0.46149941011265294,130.20000000000002,16.350000000000023
186,40.54196221580463,836.7061021170607,20.669767441860465,60,67.42281447958925,0.05139200000000001,1883,51.52,15,6.0808688026929945,0.4043365943454859,0.47223348437281626,154.70000000000002,9.350000000000025
187,25.98814851778757,836.7061021170607,14.969767441860466,68.2,88.48475053787358,0.05139200000000001,505,48.64,13,1.8068793268247836,0.5259329107489404,0.437904949405021,134.20000000000002,17.650000000000034
188,14.489427301626634,861.9476498733472,12.916326530612244,38.1,53.74223080386843,0.056848,1486,27.033333333333335,15,8.644306591430537,1,0,159.60000000000002,12.050000000000011
189,49.895904559534664,1048.102383053839,18.66140350877193,88,86.81927234045851,0.054384,1590,61.12,20,5.332659574015167,0.8594683886469436,0.12416913253057942,147.9,10.650000000000034
190,32.69156105290951,715.0587507730364,18.43783783783784,87.5,85.56302845759545,0.051744,1095,49.72,9,2.461532953919422,0.2676772284497633,0,153,12.250000000000057
191,57.985906000011866,998.1572481572474,22.11730769230769,89,72.25652866047815,0.052096,1596,57.6,25,7.908486633210346,0.8197006794281418,0.1802993205718581,152.9,12.150000000000034
192,17.402903942014333,840.5056481979558,14.114,36.7,57.445585578259205,0.059488,841,32.28333333333333,13,10.074232426624915,1,0,133.3,14.350000000000025
193,33.27540433805372,312.9815100154083,29.084615384615383,80.2,80.63944450877997,0.04153600000000001,2972,57.5,2,1.0137598664205,0,0.9914363013937642,149.70000000000002,3.750000000000057
194,59.370430851735435,2721.829069134467,12.38,101,90.398608530923,0.058784,2441,58.2,16,4.2481791962403985,0.2754652967314679,0.6321066522609897,134.4,4.750000000000057
195,17.393626760344976,1516.5755297334215,11.328169014084509,22.1,37.40370403105528,0.04681600000000001,971,20.36,16,4.285367454688778,0.9256226300891888,0,131.70000000000002,15.250000000000057
196,8.811831937207257,979.62382445141,9.97,27,39.40848493212635,0.05104,892,19.36,9,3.1863090501404945,0.925292469617234,0.07470753038276605,129.9,15.750000000000057
197,24.948221865483475,1282.991202346042,13.314285714285717,49.5,63.393840436928485,0.06001600000000001,1770,37.13333333333333,20,7.92952690839754,0.7401096105795482,0.2324661792253544,139.20000000000002,10.450000000000044
198,51.99858944634529,1231.060606060605,16.384615384615383,79,100.81405713206912,0.06336,2433,64,15,2.005945776014943,0.133051731647775,0.8186642643278502,138.8,5.350000000000023
199,55.41204211023864,1613.1344995698337,16.633333333333333,81,76.63915274491848,0.05579200000000001,1733,51,23,6.480582177396477,0.4636988809799856,0.48508659217064265,130,10.550000000000011
200,93.6494303372518,1029.1048237476791,24.916901408450705,99.3,93.73447717263949,0.06899200000000001,1618,82.27142857142857,17,2.5953359084820775,0.8126527867338822,0.10405817083169784,124.8,11.050000000000011
201,20.920151079586574,1198.508522727272,13.092592592592592,31.2,54.96587065925355,0.045056,782,29.08,16,4.436612326892609,0.6096911532272993,0.35615707977552796,115.6,16.55000000000001
202,29.158521916043245,1382.063882063881,14.178888888888888,60.8,58.30536162136154,0.06512000000000001,1922,34.92857142857143,8,4.531748031136991,0.906958165818008,0,134.3,9.750000000000057
203,6.623832522965699,622.3899775136523,10.532258064516128,26.9,47.84795423116444,0.049808,318,19.46,6,3.018397438132277,1,0,125.2,17.650000000000034
204,32.866663554402614,914.5392278953918,16.46808510638298,63,83.79625963281232,0.05139200000000001,531,49.88,12,2.55679181547823,0.6053388230951062,0.3839734085942757,133.4,16.850000000000023
205,31.891033909989552,1147.652016857315,13.932786885245902,77.1,91.45025211149476,0.053152,960,48.58,15,3.622315863873869,0.27041931625164445,0.7085763242122122,159.20000000000002,14.150000000000034
206,17.700293224399488,369.82248520710056,19.127272727272725,77.3,83.50912648677644,0.059488,996,36.983333333333334,9,3.1814838728163837,1,0,191.2,13.150000000000034
207,10.922062209467484,1193.18181818182,9.793650793650794,25.6,46.75349572388242,0.0528,266,22.6,6,2.948910926065746,1,0,133,18.15000000000003
208,16.480736642686836,1652.892561983468,10.4725,23.5,39.943543166680705,0.0484,1244,21.48,20,7.970378891471389,0.3850865943048995,0.5789384507908705,164.20000000000002,12.550000000000011
209,24.711063010239982,1584.0220385674922,12.596739130434782,41.7,50.45149115158911,0.05808000000000001,878,30.833333333333332,14,4.087760395752459,0.35676108397490786,0.6432389160250922,155.5,16.150000000000034
210,35.49106628529467,1420.454545454543,14.664102564102564,49.2,69.68816450934025,0.054912,775,45.7,11,4.000560384462243,0.24071476555539856,0.7592852344446014,167.5,15.950000000000044
211,7.404768542094325,1036.8281353682803,9.164,20.4,29.06556381507306,0.048224,217,14.88,6,3.1837593271905336,1,0,125.3,17.850000000000023
212,23.91983965324511,1926.706511481596,11.375510204081634,27,47.31104041935308,0.050864,998,24.66,11,2.6581850460368854,0.6236204467329357,0.191021989010607,144.4,14.150000000000034
213,24.03374226356827,1412.147793726739,13.35764705882353,41.8,46.58716165600978,0.06019200000000001,1039,28.633333333333333,17,7.5989612141185,0.6599494031046091,0.34005059689539086,162.5,13.750000000000057
214,25.631476896313178,1300.227985180963,13.786301369863017,45.2,57.01270014249763,0.056144,999,34.766666666666666,21,8.52009161903631,0.7714976111742743,0.22850238882572568,161.8,13.150000000000034
215,32.21858678467759,697.4686989657046,17.682926829268293,83.1,95.0264101471054,0.058784,624,51.85,15,4.304369321517212,0.5680027569779869,0.43199724302201314,139.6,16.750000000000057
216,19.064805418191796,798.4254307783713,15.288372093023256,38.3,55.48744050639031,0.05385600000000001,578,32.74,11,4.7842995802138155,1,0,154.10000000000002,15.550000000000011
217,16.741546053726694,554.3237250554323,13.676875,87.5,104.39336463438332,0.05772799999999999,899,31.116666666666664,6,1.4230391811269958,0.16179671476875895,0,166.5,13.850000000000025
218,21.28421825243271,238.26979472140755,25.746153846153845,68.8,88.06144887248153,0.05456,1447,49.14,4,2.1262345046903555,1,0,153.9,11.250000000000057
219,64.98986238713346,765.6350741457122,28.794736842105262,66,55.82941729361619,0.049632,2064,58.8,11,3.264671446546601,0.16836056194579646,0.6690707401959353,161.9,7.050000000000011
220,0.8655609298526443,142.83900457084812,8.522222222222222,11.8,26.478231433909063,0.06300800000000001,131,9.6,4,3.534812607211239,1,0,119.1,18.750000000000057
221,65.47531835665524,1405.3967234179252,17.465714285714284,105,97.88898953231129,0.049808,1126,63.44,24,5.853372348850178,0.807025521770158,0.19075898314274817,145,13.550000000000011
222,27.05349590382503,1178.451178451178,15.42142857142857,38.4,48.29323238865813,0.04752000000000001,1598,31.8,11,5.139922926935984,0.18322220309906237,0.5771806416868845,146,11.750000000000057
223,77.97690349592368,1519.0972222222213,20.114935064935064,70.4,78.95545080224257,0.050688,1780,65.7,21,7.562107235416068,0.5218758806648665,0.4717965629428132,238.7,11.150000000000034
224,64.29407797694607,1124.274661508704,23.031182795698925,82.4,61.38019590034669,0.08272,2015,58.175,12,2.985464711196933,0.48046815597957954,0.5195318440204205,256.3,8.050000000000011
225,9.03037129377802,550.7884972170687,13.826315789473684,23,31.160646506423824,0.034496,3223,20.733333333333334,1,1,0,1,228.4,0.9500000000000456
226,41.924134983968905,1199.4949494949487,17.48815789473684,59.3,67.90805980349036,0.06336,2028,48.65,14,6.368515574589157,0.5556881572339962,0.4443118427660038,254.2,8.250000000000057
227,31.671567591192396,407.16612377850163,27.722727272727273,76,54.99080247955618,0.054032,2136,48.88,5,4.219654726430804,0.4739761507669777,0.3910942341707539,268.90000000000003,8.550000000000011
228,62.251909249091625,1027.96052631579,22.93909090909091,91.6,68.84345299220571,0.05350399999999999,2725,56.36,5,1.1558331491080012,0.05130063164513365,0.9218449621707612,290.1,4.250000000000057
229,76.61830039895321,1088.7316276537829,26.7,53.7,51.0855652577319,0.058784,2260,50.5,6,2.2725527028909944,0.5574219191470599,0.4425780808529403,298.6,8.450000000000045
230,10.27404093383952,163.00298062593146,26.4,43.4,42.03578467381758,0.042944,3050,33.25,2,1.6877153651195411,0,1,297.3,4.050000000000011
231,3.699669640099082,783.6990595611279,7.6045454545454545,13.8,20.075563371480477,0.056144,3769,10.633333333333333,1,1,1,0,296.7,-1.6499999999999773
232,62.51765116148541,756.2829661805773,23.35897435897436,95,97.64198837019372,0.05156800000000001,2075,74.52,10,3.906109483117295,0.3711631443289179,0.6288368556710822,251.3,8.350000000000023
233,93.13786476531212,1381.215469613261,25.569318181818183,73.2,56.28656306611211,0.06371200000000002,1596,54.65,9,1.0384980512162691,0.9977163939671724,0,265.2,10.350000000000025
234,28.664250968930084,917.0023014959728,15.02156862745098,61.4,88.26537109842731,0.055616,1796,46.666666666666664,3,1.5597567268136052,0.11193860334425332,0.8880613966557467,278.1,10.150000000000034
235,32.37574385478366,700.4981320049812,19.452777777777776,54.4,75.56221686071702,0.05139200000000001,2255,49.6,8,1.8288435496825104,0.20916628155021863,0.7507022381641729,294.2,7.850000000000023
236,22.41648468278043,800.6198347107434,16.31935483870968,50.5,59.149735169440056,0.03872,3388,37.5,2,1.6124135631694378,0.20261965053922257,0.7973803494607775,289.3,1.5500000000000114
237,19.33481701504809,758.7521174477702,14.746511627906976,60.8,70.97353813803741,0.05667200000000001,3676,35.516666666666666,1,1,0,1,274.90000000000003,-1.4499999999999886
238,39.49445880456918,556.4667291471413,21.315789473684212,80,102.166373417105,0.034144,1350,64.53333333333333,8,1.98518999228746,0.9546488381419148,0,221.5,11.950000000000044
239,37.146076294209934,1167.6919571656415,15.226829268292684,67.5,86.9570381081854,0.070224,1921,49.42857142857143,25,7.953894356080145,0.3621659556491451,0.5676259138314694,258,9.850000000000025
240,62.68553975114929,868.317728782844,23.428260869565214,104,83.04343375660355,0.05297600000000001,2052,69.5,9,4.4725403632630645,0.694388871575244,0.305611128424756,255.9,8.650000000000034
241,64.4567117721693,779.8573975044568,20.548979591836737,149.6,123.42145204753862,0.062832,1538,72.65,15,3.977878125932244,0.3741579663829219,0.6258420336170781,258.1,12.850000000000025
242,75.4572029232359,331.439393939394,44.714285714285715,99,68.72488976870955,0.06336,2063,81.38333333333333,4,2.567505654498146,0.3923418935888609,0.6076581064111392,277.90000000000003,8.450000000000045
243,26.836658443543033,518.2739557739555,18.42222222222222,87,98.9398021953105,0.052096,2218,51.6,12,3.814734772787928,0.5045593759634385,0.4954406240365616,288.1,7.850000000000023
244,41.939872321071626,1073.0368702504936,17.542622950819673,87.2,79.20683620783052,0.056848,2429,46.28333333333333,1,1,0,1,274.90000000000003,5.850000000000023
245,33.74373959245841,594.4055944055945,24.608823529411765,49.5,44.65532767197795,0.0572,2831,41.9,1,1,0,1,263.3,3.8500000000000223
246,41.66654708221672,359.0740114903684,29.564705882352943,83.3,85.64199201019069,0.047344,1954,62.26,8,4.2779014973859395,0.6272855643626867,0,246.7,9.150000000000034
247,25.78586586421954,1019.3295077015993,15.655555555555557,41.8,56.5741084917678,0.05297600000000001,1802,35.38,10,4.226886158204474,0.7160795408369387,0.272376602282859,246.9,10.250000000000057
248,3.4520339730974916,440.5687894992709,9.255172413793105,24.6,41.29767331804756,0.06582400000000001,1668,14.257142857142858,11,8.123233907939618,1,0,249.3,11.250000000000057
249,24.546288573657417,778.5183566433561,17.2140350877193,44.8,60.0910126628192,0.073216,2561,37.371428571428574,10,1.4861009597650838,0.11387332758672168,0.8720881443651894,261.2,8.450000000000045
250,65.85008539741735,778.3312577833118,23.952,104.7,94.63497806425458,0.06424,2678,76.18333333333334,11,2.1627186565282077,0.07130105302248664,0.9260306779132004,277.1,5.750000000000057
251,15.815048241047643,714.9307645996388,15.88157894736842,29.3,34.61719125069201,0.053152,1871,24.74,3,2.280445071087822,0.5039721117493985,0.4960278882506015,276.6,9.850000000000025
252,34.46981924486773,561.3772455089818,23.13939393939394,63.5,68.88432516844118,0.058784,1915,49.71666666666667,5,2.1239736496078296,0.3198969670089726,0.6801030329910275,249.2,8.850000000000023
253,9.17203276260268,818.5670261941455,11.063235294117646,26.2,40.999077211828215,0.08307200000000002,1112,20.7625,12,5.340582511450523,1,0,228.4,13.150000000000034
254,64.60842966738696,1041.666666666668,26.825454545454544,55,31.501277582728783,0.0528,1875,44.9,4,1.3739328034217748,1,0,249.3,9.850000000000025
255,24.60262535898485,1118.6079545454556,14.812698412698412,33.4,52.98435327369059,0.05632,2291,31.183333333333337,13,1.8290730059400735,0.7887081950953941,0.20178337048127032,258.6,7.750000000000057
256,52.938502822605955,1067.0731707317077,18.177922077922076,104.2,96.10431804242448,0.07216,2497,66.4857142857143,16,1.9619429547706675,0.04031007663948569,0.9596899233605144,278.3,7.150000000000034
257,63.37067998915841,444.38801422041627,40.63928571428571,70.2,32.101514831293336,0.06300800000000001,3362,57.766666666666666,1,1,0,1,244.1,-0.14999999999997726
258,14.28778632578253,650.8584294962009,13.578378378378378,55.1,72.8223917374294,0.056848,1328,31.6,12,5.992345071284419,1,0,241.9,11.450000000000044
259,62.544068030476744,3246.7532467532596,14.41547619047619,32.5,42.587586864490056,0.051744,1912,30.46,18,1.517800854328855,0.6071620481052188,0.31810272526904004,236,9.650000000000034
260,8.768893703913784,1019.8135198135188,9.471428571428572,27.8,47.324163647057816,0.06177600000000001,1721,20.766666666666666,17,6.162763600814887,0.697802678805918,0.19638139769608273,233.7,9.450000000000044
261,35.722116150142206,1228.9325842696626,16.045454545454547,48.6,66.57936446125873,0.062656,1539,44.81666666666666,5,2.448696987067662,0,1,259.7,11.550000000000011
262,84.24795272487066,606.2915742793792,28.94,144,107.01361592889822,0.05772799999999999,2431,88.28333333333333,10,1.3843414735403057,0.08750974450695286,0.9124902554930472,246.7,7.150000000000034
263,26.5168260720228,1025.0702905342075,16.86857142857143,35.1,39.97295329626506,0.068288,1285,30.242857142857144,12,1.811887837179856,0.9254526916276248,0,240.2,12.950000000000044
264,13.700762103449463,746.2686567164184,12.793181818181818,38,66.19693836728653,0.05896,1248,32.15,10,5.565194768621418,0.9659229798763838,0.03407702012361629,221.4,14.050000000000011
265,23.49794401531592,927.3433820065948,15.16190476190476,47.5,64.02660535838065,0.06793600000000001,1487,38.1,14,7.802294201943972,0.5800818136520665,0.4199181863479335,235.6,11.450000000000044
266,24.98695598243905,1112.0996441281147,14.796363636363637,48.8,55.88925582796329,0.04945600000000001,1167,33.28,16,7.764535122457747,0.6544576741224658,0.2674369074388354,245.3,14.350000000000025
267,42.73240737304307,666.6666666666661,22.256818181818183,82.3,81.3993812245144,0.066,1568,56.642857142857146,10,4.188335609679788,0.7851054785645964,0.21489452143540347,245.4,10.650000000000034
268,32.39139369927582,1543.2098765432115,12.668181818181818,72.5,82.0318655804852,0.057024,2438,45.3,12,3.384213158476698,0.09215728189682916,0.8579095840315765,243.9,5.050000000000011
269,46.61979815943852,756.1354994815073,23.66,57,64.35581849310151,0.046288,1527,50.48,9,7.752120113697765,0.6900646170644457,0.30993538293555434,239.9,10.050000000000011
270,25.747057026513197,882.4622244240778,17.287719298245616,38.7,49.73176903009791,0.06459200000000001,1364,35.733333333333334,19,10.77320377941044,0.6740968402107493,0.23951605294860456,229.3,13.350000000000025
271,85.1270669251513,575.1533742331288,34.02727272727273,92.5,80.44763310644728,0.05737600000000001,1835,79.21666666666667,9,1.5182623367185386,0.9114979767682309,0.06834371025369812,249.4,9.950000000000044
272,32.89151517309576,664.893617021276,20.51818181818182,70,71.24952074083994,0.06617600000000001,2436,46.475,13,4.420726798394088,0.5328658985500846,0.4671341014499154,266.7,7.250000000000057
273,56.94542851346376,1156.7773543821447,19.06764705882353,97.1,85.71794196899332,0.058784,1757,58.833333333333336,13,5.659561312573796,0.4865348120995552,0.5134651879004447,254.5,10.550000000000011
274,95.96837125251884,393.7893789378938,52.15714285714286,112.5,38.42741899842733,0.05332800000000001,2966,78.06,1,1,0,1,230.1,2.650000000000034
275,66.9119842984407,1211.3520996769714,22.448809523809523,72,63.273484848879335,0.069344,3114,55.72857142857143,4,1.5814797898812722,0.00762360873174077,0.952645824443864,231.6,0.35000000000002274
276,26.856678864068915,1365.697794269222,12.326415094339623,70.5,80.87542557248348,0.077616,1775,41.8,15,7.287325899934344,0.7979937328467885,0.10940283724044274,216.3,10.350000000000025
277,25.490705256507596,409.5004095004092,23.333333333333332,58.2,68.96054193723279,0.05860800000000001,2430,45.833333333333336,4,1.0940257701392433,0.05581995591970753,0.9441800440802924,240.9,4.150000000000034
278,35.85605040116691,583.0982859622478,19.66046511627907,88.3,102.46799972547808,0.073744,2710,58.31428571428572,9,2.565993684484886,0.4160196915836169,0.583980308416383,254.3,4.050000000000011
279,88.34122228577343,761.4807872539831,29.70769230769231,116.5,83.15199781522925,0.05121600000000001,1774,80.98,15,4.65855755756783,0.7149343443229174,0.27990302109120263,246.9,10.250000000000057
280,40.42580315207232,841.7508417508421,18.904166666666665,83.8,85.21787733330795,0.057024,1706,53.35,10,3.6911434420251217,0.8952419164956826,0.0802252665670394,239.5,11.250000000000057
281,38.59655862047837,619.2717364379492,18.5825,93,115.38569679110437,0.06459200000000001,1909,56.57142857142857,11,2.28351069778395,0.970763017523542,0.00863698850527975,234.6,9.750000000000057
282,7.611565706003007,546.7041549515773,11.52142857142857,34.3,58.97853899242066,0.05121600000000001,2585,22.76,4,2.8689636279870276,0.28735860913280253,0.7126413908671974,231.7,6.550000000000011
283,118.00337729418284,694.8986265533025,33.78823529411765,103,95.96695200461684,0.048928,2375,94.4,8,1.9142395156169012,0.17875738984941433,0.7989470161740101,234.9,5.650000000000034
284,44.58431133339512,950.413223140496,17.928260869565218,81,93.6653039311927,0.0484,1389,59.46,12,5.435982586146017,0.8044553948727793,0.15265293384690765,189.4,11.750000000000057
285,20.306642962348636,1152.4442538593487,13.78139534883721,27.8,43.07735028189072,0.037312,1033,25.975,7,4.500494500135862,1,0,218,14.450000000000044
286,17.17822703132525,440.9769335142468,18.81153846153846,45,64.62689435864016,0.05896,1149,38.36666666666667,8,1.9923499009961343,0.2176016224410082,0.7823983775589918,215.5,13.350000000000025
287,36.12563802254374,952.5401069518724,18.64561403508772,67.2,62.92084618460849,0.05984000000000001,2929,44.21666666666667,5,1.328384677428324,0.00509470174899518,0.9949052982510048,233.3,2.3500000000000227
288,32.0628387731357,1239.669421487603,15.168055555555556,52.5,66.13827547127683,0.05808000000000001,1939,39.43333333333334,21,7.240604330057222,0.7474999921654407,0.2525000078345592,220.5,9.650000000000034
289,44.1640268488405,594.6088794926004,21.947222222222223,102,99.54046008471155,0.06054400000000001,1542,63.81666666666666,10,1.4755738890127457,0.9794577126850073,0.02054228731499278,240.9,10.750000000000057
290,40.79675263223273,596.1251862891207,24.26875,62,70.35105913392633,0.05368,1821,55.28,10,4.164007228007846,0.9145389942759772,0.0030714557835382,235.9,9.550000000000011
291,53.55549751395035,94.69696969696967,79.8,105,40.42970475562143,0.0528,2887,79.8,1,1,0,1,221.1,3.4500000000000455
292,77.30019739385293,1268.7555163283323,20.791304347826088,87.6,89.78910432941325,0.054384,2473,75.64,13,4.2542724505095695,0.06114592904969615,0.9145431819133008,227.6,5.150000000000034
293,51.38358554934699,1923.3483907396972,14.59724770642202,72,77.58194706326074,0.05667200000000001,1605,49.63333333333333,16,6.482746719904677,0.575694268625897,0.29381882268612763,213.7,11.350000000000025
294,44.09580332318644,825.0311332503104,20.89433962264151,86,75.46569890412522,0.06424,1185,55.31666666666666,18,7.864897571626676,0.858626348792614,0.14137365120738604,173.9,13.050000000000011
295,29.494146175841777,248.8387524883874,24.833333333333332,135,123.78450593779382,0.07233600000000001,1480,48.114285714285714,5,1.5659695361261767,0.9706464908021392,0,217.6,11.950000000000044
296,134.08570573120815,1289.4906511927793,22.6921875,190,126.3350458325017,0.049632,2375,102.1,11,3.01697787619219,0.6219060108407646,0.35316749384658835,216.9,6.650000000000034
297,101.11168896597874,723.1404958677688,22.654285714285713,177.7,159.42032696567998,0.0484,2785,79.7,4,1.4007798413098815,0.11849105669507988,0.88150894330492,227.7,3.4500000000000455
298,20.832409735468225,440.1408450704224,20.69090909090909,64.4,65.35104515965885,0.049984,2811,40.18,5,1.2285169477164537,0.00460564722732649,0.9092988109858384,218.2,3.150000000000034
299,43.85271284584353,923.491109441522,19.710169491525424,55.9,75.22571095209763,0.063888,2619,49.016666666666666,8,1.1859913537743076,0.04978981233109355,0.9120494207757552,226.6,4.350000000000023
300,46.0014293036478,1186.4973262032097,16.38450704225352,81.5,92.24101684554245,0.05984000000000001,2359,57.38333333333333,17,5.453545207150173,0.34049636187489263,0.6595036381251074,219.3,6.750000000000057
301,29.720126606488304,590.1405357927099,20.365116279069767,68.5,74.77167658726462,0.072864,1642,48.34285714285714,10,5.038686867432439,0.3678890436082055,0.6072064767015349,196.2,9.450000000000044
302,13.1201097882261,656.9602272727276,13.902702702702705,41,56.94941783873138,0.05632,1170,28.433333333333337,8,3.235028222954718,0.9665544187910884,0,191.9,13.850000000000025
303,39.19959760594263,1401.813409687427,14.87340425531915,61,78.48665185162385,0.067056,1325,47.08571428571429,14,3.52489373273927,0.38350831988008693,0.6134467557109313,199.7,13.150000000000034
304,41.55261929531547,851.2828634779846,23.27906976744186,44.6,38.77340527984057,0.050512,2120,38.22,5,1.6981477116091988,0.7960406983480522,0.2039593016519478,180.9,16.55000000000001
305,44.662781006203915,1516.2623300453224,13.732967032967034,91,99.98045756903107,0.06001600000000001,2664,55.86666666666667,12,3.8246527031216937,0.13922641321112533,0.7997823004216517,213.8,3.0500000000000114
306,21.27692781538082,814.2169357122622,14.747826086956522,65,73.58878808026525,0.056496,2401,35.8,7,3.1908345380078607,0.7680797144046145,0.2319202855953854,214.2,4.850000000000023
307,35.587718712251274,964.1873278236908,16.369642857142857,67.5,87.6051297717055,0.05808000000000001,2320,52.75,8,2.0825808759982207,0.14461258306738575,0.8553874169326143,210.8,4.650000000000034
308,49.52918407505594,1294.1919191919178,16.308536585365854,75.5,91.77934756961972,0.06336,2366,64.66666666666667,4,2.077832066995882,0.1216218978977669,0.8783781021022331,192.8,5.150000000000034
309,62.33220389720515,2009.42350332594,15.761206896551723,69,77.13872777789396,0.05772799999999999,2148,57.83333333333333,23,5.292371871122841,0.7127905509603253,0.2437540305621756,197.7,6.750000000000057
310,20.671919463090372,1205.2341597796153,13.261904761904765,35.2,49.55524595376603,0.052272,1330,28.28,17,7.846073268580968,0.8613556459140758,0.01159091438259752,200.1,13.350000000000025
311,34.074542512774826,944.208852372117,16.219298245614034,84,87.17749346680259,0.060368,1495,51.583333333333336,11,2.9311453777445693,0.5865345651474786,0.4018507152344339,226.5,9.550000000000011
312,17.15773102530229,502.9806259314454,17.822222222222223,53.5,61.76802677648483,0.05368,1668,37.28,9,5.784796433171573,0.992601979470358,0,209.9,10.550000000000011
313,16.88824377406875,397.1163245356793,19.54615384615385,51,67.23453914056753,0.03273600000000001,1594,39.666666666666664,6,2.6973025065791925,0.5477137849488686,0.45228621505113137,209.8,8.550000000000011
314,58.12992057583516,672.4045185583647,21.54,124,118.64186650487594,0.059488,2700,72.15,6,1.6314930668868155,0.04833133025097564,0.9516686697490244,211,3.650000000000034
315,36.515079790430946,753.7105751391465,20.03333333333333,55.8,74.23761576756223,0.051744,2107,45.82,12,4.8906187574919215,0.8366646936392383,0.16333530636076163,207,7.050000000000011
316,40.13650260804412,631.3131313131313,22.175757575757576,58.6,81.62463430965326,0.052272,1642,55.02,6,2.9884380368588905,0.4630864312127222,0.5369135687872779,180.10000000000002,9.450000000000044
317,52.20179953965451,1219.8253723677456,19.42368421052631,69,67.09303323734206,0.062304,2126,50.9,17,9.52166297239598,0.4439137436822008,0.4967974961764019,180.2,7.350000000000023
318,65.92922091500934,1214.733542319749,19.258064516129032,81.5,93.67219497396638,0.05104,1460,68.7,18,6.988863147971352,0.6643554394982857,0.3356445605017143,197.9,10.050000000000011
319,53.194492890015354,1239.322757779133,16.22153846153846,110,104.5796875138194,0.052448,2382,59.66,19,3.952503558387928,0.4749421562201456,0.5250578437798544,195.7,5.750000000000057
320,36.336488354226255,624.8047485160885,17.715625,128,118.4575531672007,0.05121600000000001,2390,46.5,10,1.917835906457494,1,0,207,6.050000000000011
321,96.05992464430398,1063.0498533724335,20.893103448275863,105,130.15752035929182,0.02728,2485,98.33333333333331,8,1.1973194410851855,0.01641732393509361,0.957153826296985,208.8,6.050000000000011
322,51.96675604709481,1029.9368305410608,18.383333333333333,67,95.7207755606028,0.05825600000000001,2595,61.81666666666666,7,1.373777515868759,0.10753366543898656,0.8802964052531683,211.3,3.650000000000034
323,47.41344587673882,1155.303030303032,18.62622950819672,64.4,71.73404847937094,0.0528,1838,53.940000000000005,14,4.132045532382988,0.769042813836635,0.21979264427003284,201.4,8.250000000000057
324,127.34693543917672,1316.518847006652,23.81578947368421,106.2,108.95079025201966,0.05772799999999999,1702,87.55,12,1.2659072058227685,0.06228947730945226,0.9346961102636632,196.8,7.750000000000057
325,36.17261210888322,510.89918256130807,22.59090909090909,75,88.90123242151502,0.06459200000000001,2014,57.75,7,3.527636109599762,0.6013905435228403,0.3986094564771598,196.6,8.250000000000057
326,25.27157423739972,1014.610389610389,15.893333333333333,35.8,51.11713996328724,0.044352,1015,33.55,15,5.3010208492254485,0.4097771497903578,0.5902228502096423,187,12.950000000000044
327,18.150475056293924,1136.3636363636374,12.89642857142857,34.4,47.624788133142665,0.04928,1978,28.14,13,6.681476169396109,0.5687591928195561,0.4312408071804437,185.9,9.650000000000034
328,67.38393569627732,794.6598855689764,23.91,101.4,95.46321066759168,0.050336,3146,75.76,3,1.0545421602845708,0.02668778997691561,0.9733122100230844,198.1,0.8500000000000227
329,19.70262557991662,329.9120234604104,24.427777777777777,44,53.891032995894776,0.05456,2647,39.98,5,1.2223352058835886,0.01907996747541737,0.9746937608770588,204.5,5.150000000000034
330,49.74809311499243,924.9471458773786,25.607142857142858,33,21.855195946433632,0.015136,2679,32.2,1,1,0,1,206.1,4.150000000000034
331,91.01746216158112,1432.391138273492,15.135555555555555,206,160.00268263664967,0.062832,2321,83.56666666666666,10,1.8978701868011365,0.03745735898170848,0.9625426410182916,184.5,4.350000000000023
332,21.556336814129796,1073.2323232323224,13.290196078431372,40.1,67.58875362413102,0.04752000000000001,875,35.980000000000004,15,5.66987550224514,0.5649815276023652,0.42746426505825025,182.3,15.450000000000044
333,22.512373800320567,307.67968493600256,20.44,100,114.78979822321658,0.048752,1537,40.04,7,1.8604724257865364,0.9824581109598916,0.01754188904010836,186.9,10.250000000000057
334,40.42394677557594,635.2343308865052,25.51111111111111,51.3,50.195716212286655,0.05667200000000001,2710,44.983333333333334,3,1.042966632289037,0.02971826502188618,0.970281734978114,172.10000000000002,3.750000000000057
335,107.0305809659436,303.39805825242723,32.736363636363635,217,187.3601645868102,0.036256,2307,69.9,7,1.1002553532709531,0.9877641047177912,0.01223589528220873,182.6,5.9500000000000455
336,3.1671673351643745,78.36990595611285,20.95,30.9,47.93988447179014,0.05104,2757,20.95,1,1,0,1,184.6,3.5500000000000114
337,112.85625484298409,1198.2065553494135,21.69516129032258,180.8,125.42930512893872,0.051744,2307,95.58,12,3.6162847282158976,0.6150220912625497,0.3819370565526172,190.7,4.650000000000034
338,127.6179201440768,1179.9302933488243,23.98,165,119.0202317551322,0.05508800000000001,2168,81.9375,19,3.2875056301076886,0.917352161907206,0.03798606965282155,188.6,6.850000000000023
339,42.40589296157584,700.7575757575762,23.20810810810811,58,66.51784438753478,0.0528,1753,54.02,17,6.531826054179031,0.5798099771659249,0.4056588080438614,196.8,8.450000000000045
340,31.911103502958763,1846.590909090911,12.621978021978022,58.3,62.0756451111812,0.04928,2200,37.62,15,6.218344259715991,0.12051828298887132,0.8084907260201377,188.1,7.850000000000023
341,98.02029548379576,1476.2427904421847,18.99767441860465,165,116.54303259469047,0.05825600000000001,2173,82.23333333333333,15,3.6594794853016306,0.6216439727897813,0.37042651164197776,169.10000000000002,6.9500000000000455
342,34.460791712975926,230.3439803439804,38.083333333333336,81,58.469063459111624,0.052096,1896,58.84,5,1.4800626979398526,0.02123675242898098,0.978763247571019,164.20000000000002,8.850000000000023
343,128.18050661518572,889.0864636585903,25.403125,257,136.88791692974917,0.071984,2240,96.08571428571427,13,2.2038587411665653,0.9046133233427254,0.0953866766572746,166.10000000000002,7.250000000000057
344,97.4897036756012,949.8480243161082,22.805454545454545,180,124.1246616369976,0.05790400000000001,2548,86.18333333333334,11,2.269145895737742,0.5745724993499803,0.4187324975904118,179,4.050000000000011
345,79.69963429085124,1060.1643254704477,23.9078125,102,82.78391737530913,0.060368,2223,70.41666666666667,18,4.9918753348305955,0.2544536490837091,0.7455463509162908,195.2,6.250000000000057
346,22.2925513735024,542.8488708743486,19.106666666666666,54.9,66.87024153126892,0.055264,383,40.31666666666666,10,2.4355200995650352,1,0,134.1,17.450000000000045
347,14.014366392194775,418.0602006688965,14.836363636363636,75.2,99.18520450089356,0.052624,1004,32.96,10,2.5288732008595933,0.82435553761144,0.17564446238855994,181.1,14.550000000000011
348,5.984817580037631,492.6431949553336,11.153333333333334,24.7,50.18144566075868,0.060896,650,20.9,12,4.786659970053349,1,0,178.4,16.150000000000034
349,29.75059427314437,1393.06286000501,13.851685393258428,44.7,64.9566404683658,0.063888,863,37.916666666666664,13,2.044793434203405,0.7399973016263461,0.2460353240146204,184.9,15.650000000000034
350,46.06103928760901,448.5645933014356,27.6875,92.5,85.80049417580975,0.05350399999999999,1575,66.44,9,4.352412484407564,0.9523210098997568,0.026610913955534322,228.6,11.350000000000025
351,9.394921116525168,727.9829545454551,11.153658536585366,31.1,57.34562731791064,0.05632,318,23.683333333333337,8,4.820103994014885,0.88885505711,0,126.2,17.350000000000023
352,31.518263567231628,1320.544898526549,15.046052631578949,51.8,58.90167165329269,0.05755200000000001,350,37.733333333333334,4,1.8548774619915225,0.5941043626464846,0.4058956373535154,146.70000000000002,17.150000000000034
353,4.934411441382523,329.1297117516629,12.878947368421052,25.5,39.90332829512656,0.05772799999999999,822,18.916666666666668,4,2.59169507502838,0.6371275783040491,0.362872421695951,175.20000000000002,14.850000000000025
354,18.525809949625707,973.520249221183,14.232727272727272,30.1,44.690885188645154,0.056496,397,26.583333333333332,5,2.11225869684209,0.7078794227188084,0.2921205772811916,170.60000000000002,16.850000000000023
355,8.508761521733193,819.0008190008192,10.275,25.9,51.09735717862183,0.039072,623,21.95,10,4.587369787525839,1,0,173.3,16.55000000000001
356,45.0870394247487,703.101246579508,19.072972972972973,116,113.09303416116192,0.052624,1423,63.92,11,2.1571066623744928,0.9530821280225268,0.0015622103327874,221.4,10.950000000000044
357,91.34847388753175,1100.975149418055,24.819642857142856,99.4,85.31790161927799,0.050864,1906,75.3,17,5.996687081310257,0.3924646935048401,0.19029612865903892,233.1,9.750000000000057
358,17.557259511671724,571.8713105076741,18.55483870967742,34.1,37.40689761348278,0.054208,378,30.22,3,2.9635011464888454,1,0,143.6,17.250000000000057
359,46.707818929620544,1163.3396277313182,17.195652173913043,73.5,85.99782510994484,0.05931200000000001,1027,56.7,16,2.4313130176318523,0.2845727818739638,0.7154272181260363,167.10000000000002,14.550000000000011
360,8.764253223312254,582.7505827505823,12.15,34.3,55.28459626792347,0.06177600000000001,678,24.2,16,7.570509281934096,1,0,170.5,15.750000000000057
361,1.374099878629544,180.69386443944745,9.577777777777778,14.5,24.98599960042912,0.049808,767,11.12,6,3.2236722898113395,1,0,179.60000000000002,16.450000000000045
362,7.317532698311367,237.6425855513307,17.836363636363636,40.5,50.55659325720503,0.046288,796,24.98,1,1,1,0,204.1,15.250000000000057
363,21.92403391419103,225.76760987357017,24.25,100.6,109.67120063629848,0.053152,1167,42.92,7,2.020031789861279,0.9935591427700752,0,216.8,13.050000000000011
364,10.552416153778797,628.7257824143062,12.896296296296295,39.9,53.87761736096469,0.085888,577,25.622222222222224,14,6.7298623820711505,0.9932986395841824,0,150.5,16.750000000000057
365,6.660014825396538,353.01237224314144,13.333333333333334,37,60.725149238186305,0.059488,510,23.25,10,5.836781908133564,1,0,157.70000000000002,16.850000000000023
366,15.320313845494566,614.6996278575225,15.391891891891891,42.9,59.06715210343545,0.06019200000000001,455,32.08333333333333,10,3.564104555107273,1,0,167.3,16.950000000000045
367,3.7301485722427135,250.932033266418,12.721428571428572,21.3,42.72728580566423,0.05579200000000001,461,17.78333333333333,6,4.087891340756831,0.9821205965760942,0,158.8,17.250000000000057
368,7.733627129170313,570.2940182494086,12.011111111111113,26.1,45.20929840673774,0.047344,1080,21.7,10,6.284831923007263,0.7389799984673153,0.2610200015326847,182.7,15.150000000000034
369,11.87252110051752,796.3154269972455,12.383783783783784,31.5,49.440571908572586,0.046464,1370,24.86,4,1.1015223058457977,0.9574533626883388,0,202.5,11.650000000000034
370,27.9789038997202,712.8480375712846,18.538235294117648,47.3,68.4035649666529,0.047696,1144,42.06,8,1.690924248332445,0.9792447053935556,0,198.9,13.650000000000034
371,9.208002623089822,351.00035100035103,16.128125,45.9,54.154295587612275,0.091168,767,26.822222222222223,10,2.720485390082,1,0,186.7,15.950000000000044
372,49.45575242846938,1150.747986191025,16.5546875,74.8,100.62220837569468,0.055616,560,60.666666666666664,16,5.282472880380363,0.6818596282456436,0.30161513198780215,141.4,15.850000000000025
373,0.7365274038921342,110.32656663724624,9,11,31.42696805273545,0.018128,438,9,2,1.695810350897781,1,0,149.8,17.650000000000034
374,2.1693500521159197,113.63636363636364,14.75,19.8,48.41883722023139,0.0176,513,14.75,2,1.4538595105255048,1,0,162.60000000000002,16.750000000000057
375,9.315138296205989,426.6978081207331,15.557894736842105,26.7,39.572751617139865,0.044528,1003,24.24,4,1.2245862522971704,0.9234945814011016,0.03998271559322769,187.3,14.350000000000025
376,20.17272138927522,1064.1532380662825,13.460714285714284,41.7,58.148951377113555,0.052624,1136,31.98,12,6.025034750334515,1,0,187.3,14.250000000000057
377,13.84161282459585,396.0882867132868,17.806896551724137,42.4,64.62424808861815,0.073216,355,34.42857142857143,10,2.8464838233546508,0.967399628804239,0,117.1,16.850000000000023
378,2.9380689038531336,519.5762939125767,8.25483870967742,14.8,24.181405871484586,0.059664,230,11.316666666666666,6,2.5107065781495588,1,0,132.8,17.750000000000057
379,5.730670711348576,318.6066270178418,12.988888888888887,37.4,61.51853773810395,0.056496,330,21.483333333333334,7,3.982436436541498,1,0,151.70000000000002,17.250000000000057
380,12.217578842046358,628.1407035175879,14.454545454545457,31,44.059863101252994,0.035024,535,24.325,7,2.7692983705746648,1,0,170.4,16.450000000000045
381,26.654987994776135,1332.5436778205533,13.666666666666666,42.3,60.72109023841664,0.054032,1025,33.32,17,4.878700619057223,0.7402976511311795,0.23957655142892045,175.10000000000002,13.750000000000057
382,38.10503379344559,1141.0208643815188,18.1,42.3,55.14596817472497,0.042944,493,37.475,7,3.408238389625135,1,0,163.70000000000002,17.150000000000034
383,30.460984023206212,828.1972265023119,18.469767441860466,45.4,61.77736775211849,0.05192000000000001,943,40.36,10,1.4515408980402482,0.17154513103827915,0.8045258832550186,179.20000000000002,14.950000000000044
384,1.0119934668523936,157.82828282828282,9,9.8,12.57078722109419,0.012672,420,9.8,2,1.9396547047795003,1,0,141.8,16.850000000000023
385,9.749548034649004,501.3368983957216,13.570370370370371,31,59.817775507067374,0.05385600000000001,350,27.74,9,2.921619601732254,0.6090675614457249,0.2976351857625402,149.8,17.650000000000034
386,30.50118353345553,1179.2452830188688,15.1,46,67.27304404217676,0.04664,952,37.54,8,1.3852047156994705,0.5831654788631588,0.41683452113684105,165.5,14.450000000000044
387,8.658717252152544,624.8047485160885,11.853125,26.5,51.395579397689,0.05121600000000001,620,22.083333333333332,11,4.00310236738346,0.959009078418532,0,161,16.150000000000034
388,11.109706694723686,1060.8457997698508,10.83728813559322,23.5,37.10196145756799,0.055616,436,20.066666666666663,11,4.320528117553364,1,0,164.8,17.450000000000045
389,28.93760464089523,658.4888621312463,18.15142857142857,60,84.7815348465586,0.053152,553,51.66,11,1.4715298217997173,1,0,173.10000000000002,16.55000000000001
390,58.53641967579355,862.5862586258625,25.89782608695652,49,54.2841305675672,0.05332800000000001,1350,47.38,12,1.226835109874284,0.9822445399948384,0.01394471977149556,199.3,13.250000000000057
391,12.540722272696804,670.640834575261,13.969444444444443,31.8,47.57696110554888,0.05368,354,26.46,3,1.8594276517352184,1,0,133,16.650000000000034
392,16.173328763880416,712.5712571257125,15.989473684210529,25.7,36.588640159111435,0.05332800000000001,314,24.46,8,1.3632641089314534,0.9852292768959436,0,130,17.650000000000034
393,11.305420754464144,755.1783659378599,12.08809523809524,39,55.84696088645727,0.055616,328,25.066666666666663,17,6.7396758451093035,0.9911723163841808,0,138.6,17.350000000000023
394,23.87566519412415,1096.2203557312257,13.570422535211268,53.8,71.62917744550079,0.06476799999999999,750,39.56666666666666,16,4.909201622762833,0.8760563601863757,0.07608590199984096,157.3,16.350000000000023
395,34.38384667894291,1281.1942959001783,15.879710144927536,55,60.02501164131144,0.05385600000000001,670,38.7,15,3.739331459507976,0.6269811029467314,0.3730188970532687,167.10000000000002,16.250000000000057
396,20.851495344611152,593.6227951153325,16.16,83.3,85.64759884754193,0.05896,751,36.083333333333336,17,4.256039787335449,0.972350509026398,0,170.60000000000002,15.750000000000057
397,11.96088895542115,1078.3012607830117,10.78653846153846,29.2,46.69638584560224,0.048224,1547,22.78,9,3.966000939352558,0.3363047942855031,0.6492400204843385,195.7,11.350000000000025
398,23.81060556626604,608.0875646093042,19.921875,46,51.42472787917439,0.052624,355,36.5,9,3.4322698180779976,1,0,118.7,17.450000000000045
399,30.116533537858608,930.471967057332,15.517021276595743,60,85.26667857135214,0.050512,531,47.42,12,2.583164123856226,0.5880425386486541,0.40182412600767936,131.20000000000002,17.250000000000057
400,5.725959615534795,564.1521598968409,10.253571428571428,26,48.75011749314844,0.049632,295,18.5,6,2.8267844159151085,1,0,142.6,15.350000000000025
401,23.50813809592897,912.5344352617076,14.38679245283019,56,77.19840587283689,0.05808000000000001,569,38.13333333333333,16,2.925703297761925,0.9451281793330136,0,149.8,16.55000000000001
402,42.72086146367881,1217.5324675324675,18.97878787878788,39.7,49.39777111541585,0.054208,1066,35.84,7,1.21065697805725,1,0,165.20000000000002,13.950000000000044
403,21.90307049897052,618.9690198070086,17.123076923076923,50.7,74.21590673172128,0.06300800000000001,880,42.53333333333333,12,4.168615054258753,0.8441360056482953,0.1558639943517047,184.2,14.650000000000034
404,10.65147171722577,757.5757575757582,12.4175,29.1,40.6336458486979,0.0528,484,23.06,11,3.6425392334619575,0.8835518068949878,0,136.8,17.350000000000023
405,16.843989153092938,505.0505050505052,16.94375,67.9,70.32550664927773,0.06336,875,34.68333333333334,9,4.800736328825068,0.42935136325138373,0.5109810930044985,178.20000000000002,14.750000000000057
406,16.93296157786669,877.059182428309,12.578260869565218,66.8,75.23467186327842,0.052448,657,29.116666666666667,10,2.231383049871551,0.13393429965034306,0.8660657003496569,186.8,15.550000000000011
407,15.74213838395744,676.8310059846107,13.355263157894736,69,82.35012522117782,0.056144,944,31.333333333333336,10,2.851504760668221,0.7008918586797276,0.2991081413202725,245.6,13.650000000000034
408,21.86473575598263,279.43368107302524,28.533333333333335,46.5,50.1645906591109,0.03220800000000001,1312,43.8,3,1.5006016257784869,1,0,258.90000000000003,12.250000000000057
409,18.43976883347056,900.614536978174,13.75220588235294,53,61.97331357494499,0.075504,971,31.9,11,4.677515211931104,1,0,226.3,14.450000000000044
410,19.08096380692402,199.68051118210855,25.48181818181818,93.2,98.0375336049353,0.05508800000000001,769,38.016666666666666,6,2.060861594795039,1,0,226.8,15.050000000000011
411,16.165982415021766,762.6601586333122,12.975,53.3,78.65024566985515,0.052448,754,33.28,9,2.7990255780018165,1,0,212.4,15.550000000000011
412,16.06160888558245,680.4572672836142,14.2925,61.6,69.52103686477565,0.058784,831,31.333333333333332,10,4.851147498739346,1,0,216.4,14.950000000000044
413,31.670606244500284,691.2597787968707,18.03170731707317,70.5,90.22045713244836,0.05931200000000001,958,51.36666666666667,15,5.169094747373852,0.6956906958867052,0,221.1,13.850000000000025
414,30.649552026645036,778.3312577833118,15.02,109.9,111.686483657589,0.06424,1605,50.21666666666667,5,2.8623816983190533,0.9261305793829668,0,242.1,10.550000000000011
415,28.96524160830235,404.3998705920413,22.86,78.5,88.56243980995005,0.04945600000000001,835,49.7,12,3.447552597189675,0.9940700255090912,0.00592997449090873,207.9,14.150000000000034
416,13.795090570659402,822.1280327389651,13.097777777777775,43,50.09503293913403,0.054736,915,26.3,14,5.542065903397928,0.917400719239042,0.01781477547264795,212.8,14.350000000000025
417,49.55253636183072,855.5010330578503,20.50754716981132,86.5,87.64028724206577,0.06195200000000001,1546,60.88333333333333,18,8.248888641858004,0.4193043776368251,0.5575212057591769,235.5,12.050000000000011
418,74.87756448701606,962.0009620009606,21.5796875,110.8,107.05261325491698,0.066528,2030,77.85714285714286,16,8.229669730466107,0.6028097846498397,0.39577973135962696,244,10.150000000000034
419,4.543760487785662,200.77096048827497,13.84,34.7,74.86004777050597,0.049808,751,19.96,6,2.78750899844346,1,0,200.4,14.750000000000057
420,7.903700990252349,656.8575932737787,10.8125,33.5,56.426947684039305,0.060896,623,22.55,13,3.9530030912190863,0.8824316669959824,0.07562405321741418,197.8,15.250000000000057
421,29.33341275368342,730.2650327728693,19.17560975609756,51.2,63.29816079352918,0.056144,877,40.9,12,4.593454163422913,0.8761179190377653,0.1238820809622348,189.6,14.950000000000044
422,44.52542199690963,998.8210636625606,19.804918032786887,63.1,67.41688656447172,0.06107200000000001,1510,50.666666666666664,11,4.8005549603868545,0.7759748491207146,0.21406395506501777,222.5,12.650000000000034
423,79.31969589104716,814.3939393939402,27.816279069767443,99,78.55404997246347,0.0528,2084,72.74,9,3.8335250366311313,0.1769422492818281,0.6220259943408746,237.3,8.750000000000057
424,11.24268811187857,1076.369282891023,10.565573770491804,25.9,44.10452146539389,0.05667200000000001,824,21.683333333333337,16,7.333667711631834,0.5431125880594204,0.4568874119405797,199.8,13.950000000000044
425,8.203280042826576,301.6894609814963,15.13888888888889,50.8,73.52791435123999,0.059664,345,25.48333333333333,8,4.063299670635497,0.972972395895003,0.027027604104997,183.7,16.950000000000045
426,12.918806524081663,586.5102639296186,13.859375,43.5,68.91275877820536,0.05456,308,33.34,6,2.5897831248915755,1,0,170.10000000000002,16.750000000000057
427,21.943807381485023,761.6930171277992,16.713513513513515,42.7,56.729587125018725,0.04857600000000001,920,33.24,4,1.0709605904042945,1,0,176.5,14.750000000000057
428,53.29725224483688,962.097008422888,19.7,86.9,91.27842550028458,0.05508800000000001,1511,63.53333333333333,6,3.350966300996321,0.86185407081582,0.03249362722539929,219.1,12.250000000000057
429,19.772342276321083,460.2991944764094,20.221875,56.2,59.02200650221853,0.06952,960,38.07142857142857,11,4.319180812083828,1,0,219,15.350000000000025
430,15.225580853255314,1218.2122734886557,11.2234375,32,51.71918912148183,0.052536,850,27.12,17,5.260692907942851,0.8186331401942569,0,170.5,13.950000000000044
431,20.433213243539942,782.0480081716032,14.853061224489796,70.2,72.00782967045313,0.062656,447,35.766666666666666,18,5.874459326640535,0.9772316719163652,0.01798984265806848,176.8,15.950000000000044
432,10.513417926848035,689.1693212447923,12.403333333333332,37.9,51.81940329749265,0.065296,287,24.29285714285714,15,7.884740845685592,1,0,158.20000000000002,17.450000000000045
433,30.776774072181084,473.4848484848486,22.586666666666662,68.5,80.23256526616007,0.06336,1607,53.58333333333333,10,5.966655035528884,0.9560248315778674,0.00261823746665754,233.3,12.250000000000057
434,12.347970355279257,416.5555851772861,16.476,43.5,63.76765229583998,0.06001600000000001,691,31.933333333333337,8,1.454283363501389,1,0,157.5,15.250000000000057
435,8.499459924565452,1030.3030303030291,9.876470588235296,16.3,27.917901553801322,0.066,364,15.357142857142858,15,8.010310966174233,0.8312535792868552,0,158,16.650000000000034
436,24.689524335077984,1364.1989198919885,12.805154639175257,48.5,63.99554105636012,0.07110400000000001,585,33.85625,12,3.6665595170870513,0.9814396569493324,0,166.3,16.450000000000045
437,29.199583046106746,770.9841780638242,16.669565217391305,77.4,86.70145919901013,0.059664,455,47.21666666666667,19,4.155652090421024,1,0,167.8,17.05000000000001
438,16.804832081497224,389.40809968847327,17.85,67,87.12052862639209,0.056496,740,38.25,14,2.727661650787813,0.979779637216192,0.02022036278380806,178.8,16.650000000000034
439,34.85558540681489,735.0603941513032,19.672972972972975,61.4,75.86413395856707,0.050336,1576,51.96,9,3.46658973860128,0.903342889180522,0.09665711081947816,235,11.450000000000044
440,13.65655681502961,524.4755244755248,14.991666666666667,52,70.41119036442029,0.04576,664,31.18,7,2.0855603192967105,1,0,145.6,15.650000000000034
441,34.31710427003098,1563.8031693077544,15.307777777777778,37.2,44.10676741540328,0.05755200000000001,746,31.4,15,3.0575768116244753,0.9783369113567898,0.02166308864321032,174,15.450000000000044
442,18.275554596120617,692.9046563192908,15.495,39.1,63.94695608165423,0.05772799999999999,561,33.88333333333333,15,5.9268321271694475,1,0,182.6,16.650000000000034
443,24.140441751487305,1292.1860747947717,14.16029411764706,28.7,43.48059242835312,0.052624,763,27.64,22,6.949692141226489,0.4939779565539056,0.4562203995083332,199.4,15.150000000000034
444,13.407388879651386,702.9053420805997,14.213888888888889,32.5,45.590438570660105,0.05121600000000001,822,25.88,10,3.72242300412184,0.7810377558922905,0.21896224410770937,206.6,15.450000000000044
445,45.09152226619647,2721.7101080737534,13.658394160583942,28.3,36.29107829621843,0.050336,945,26.28,12,2.2341699928016605,1,0,226.1,14.850000000000025
446,15.537995661145803,629.519628099173,14.023076923076925,73.7,78.3491747293235,0.06195200000000001,473,29.4,10,3.527964819894557,1,0,180.9,16.850000000000023
447,20.84539473422652,1097.0657584490425,13.631343283582089,41,55.36908797332314,0.06107200000000001,761,32.86666666666667,19,9.209995910444086,0.5822046508270099,0.3501405756180513,197.3,15.350000000000025
448,49.31974909986704,754.4961813254488,20.412244897959184,120.9,100.9112261674438,0.064944,1391,66.1,19,3.222588820772795,0.8627116201099817,0.1223973429005622,259.2,10.350000000000025
449,29.533513720816796,879.0737564322475,16.802439024390242,59,72.66549750481191,0.04664,1406,45.6,8,3.5454001334744656,0.8449142888460017,0.07081044897064413,274.40000000000003,11.550000000000011
450,5.814589838074133,968.656025907933,8.504477611940299,14.4,23.997975073469377,0.069168,622,12.971428571428572,6,1.9260105855650065,1,0,191.4,16.350000000000023
451,8.421633191173596,837.7039627039619,10.647826086956522,26.7,36.31346127033449,0.054912,1487,19.46,15,10.084783187895896,0.6396442292715853,0.25654171642178486,210.9,12.350000000000025
452,16.328327333002196,834.3928798474252,14.135714285714286,28.1,50.29546483705817,0.050336,461,26.22,4,1.3412840166727162,1,0,184.9,18.05000000000001
453,15.61577013247278,967.1179883945824,12.715625,43.7,52.51821559379116,0.06617600000000001,1434,27.17142857142857,23,6.7143992764482885,0.9056851488044148,0.09431485119558526,259.5,11.650000000000034
454,136.95010820256667,367.4807779285389,41.47307692307693,242.4,135.2425164733313,0.07075200000000001,2013,106.67142857142856,10,1.6667765485018504,0.8701676311496072,0.12983236885039284,275,8.350000000000023
455,11.453344580734564,289.25619834710744,20.557142857142857,33.2,45.58814229281672,0.0484,1147,29.616666666666667,4,1.292025795929725,1,0,249.4,12.750000000000057
456,50.027188194852506,1569.751569751571,16.62608695652174,79.1,68.78019761127649,0.05860800000000001,1777,52.11666666666667,14,5.973684557197782,0.47395970031253687,0.29293072827016303,289.6,10.450000000000044
457,23.205261411245747,1406.7524115755623,12.064935064935066,55.5,66.98530242199058,0.054736,2265,38.38,10,3.8214345467363073,0.28806453748525007,0.5747456003364734,300.6,6.4500000000000455
458,19.725896544686943,819.3217440866337,13.984782608695651,62.7,76.15858277445896,0.056144,1126,36.05,13,2.3377141296691306,0.9572729077018036,0.02181010811270593,225.1,11.650000000000034
459,17.034217964394216,730.2650327728693,14.28048780487805,56,68.3928824961827,0.056144,1917,30.857142857142858,10,5.144191312613151,0.6865425171875613,0.26065684733417993,282.8,10.250000000000057
460,14.597286668443076,1558.910403675746,9.769736842105262,45.3,50.24101630594446,0.048752,2638,22.98,7,4.426778598611649,0.5680280687939727,0.2651791518253533,311.3,4.850000000000023
461,76.80151727964412,2263.361638361641,14.658620689655171,88.5,100.88030891502282,0.064064,2043,74.43333333333334,26,3.9034841276320886,0.6994393470355509,0.2544798588879478,316.5,10.150000000000034
462,33.12730472521631,889.9233296823647,16.559615384615384,69.4,86.17875663247992,0.058432,1598,50.81666666666666,12,3.761905846544723,0.4730366040837871,0.4401816379666475,262.3,9.950000000000044
463,19.10001674714271,1576.246334310849,11.322093023255814,42,45.38181144458753,0.05456,2427,27.38,14,3.4043520238980416,0.3250827987632449,0.6542716092851985,311.5,6.750000000000057
464,49.03885752920916,1174.884437596303,18.59672131147541,87.7,73.86619340200534,0.05192000000000001,2045,51.66,15,4.763226259276684,0.7167602234791344,0,330.40000000000003,7.850000000000023
465,19.656661802865703,1008.9209855564987,14.097368421052632,32.3,50.15141789874077,0.07532799999999999,1196,30.1625,18,2.2748260026518192,0.33615093054811473,0.6638490694518853,194.5,12.950000000000044
466,25.8057889415248,663.9081027667988,18.067441860465117,64.8,72.68984413055487,0.06476799999999999,1504,43.9,11,3.834999559625376,0.7436646551343177,0.2563353448656823,241.4,11.850000000000025
467,58.70522329075705,523.5279625523527,31.017647058823528,88.5,70.61518236821729,0.064944,2456,68.95,7,2.7322630635701146,0.4274496200379339,0.572550379962066,315.5,6.150000000000034
468,75.27789320824245,751.3148009015783,29.1859375,108.5,71.10149160005537,0.08518400000000001,2183,70.08888888888889,19,7.7335293537176435,0.5588320175591571,0.4231219902324755,341.40000000000003,7.850000000000023
469,38.02082284264756,651.7796418045792,25.41086956521739,46.6,39.19026052033261,0.07057600000000001,1927,40.55714285714286,5,1.274271207604326,0.8681653438340202,0.13183465616597975,281.6,8.850000000000023
470,25.24919961626259,1104.3032202906802,14.988709677419354,37.3,54.832294355920574,0.056144,1888,32.7,16,2.707703250166444,0.6888988185059152,0.2747861547960937,289.2,8.650000000000034
471,23.199615231751444,2380.412604851507,10.107738095238096,33.3,46.4626492292264,0.07057600000000001,2374,26.775,16,5.5777380920006525,0.476138174154768,0.30144995441319805,255.2,6.9500000000000455
472,50.64549739760081,710.2272727272732,22.06086956521739,105,94.06332369724328,0.06476799999999999,2456,65.41666666666667,12,5.245550494305182,0.6045562395729864,0.3630531171528204,308.1,4.150000000000034
473,54.50842375510644,1445.2011403230924,17.991780821917807,72.1,70.01774770023644,0.050512,2256,54.76,3,1.9966184221815928,0,0.9601147532300522,333.8,7.350000000000023
474,78.30024439996814,378.7878787878787,37.65238095238095,132,94.8321136209291,0.05544000000000001,2210,84.06666666666666,7,1.8178692592829315,0.31096016071477733,0.6847319127076585,227.3,11.350000000000025
475,52.222170437581504,723.7984944991318,24.1975,74.2,76.38902478852519,0.055264,2241,59.6,12,3.0885932134456593,0.9494814860134512,0.05051851398654881,287.1,7.550000000000011
476,25.757005268917467,1266.2337662337677,14.138461538461538,50.8,54.725529637457406,0.0616,981,36.31666666666666,13,5.466651598590343,0.7750353020429843,0.22043049060123596,193.1,13.750000000000057
477,74.17054777259176,1563.8031693077544,19.63222222222222,119,75.70958914121033,0.05755200000000001,2224,59.9,20,2.425218555398881,0.9346701411226754,0.01276056652673637,236.8,8.650000000000034
478,8.01620312030172,746.2686567164184,10.709090909090907,30,44.38840261799326,0.05896,2727,20.15,7,3.5739820586348334,0.21461236552832677,0.5865866885649424,313.5,4.550000000000011
479,37.16411628404084,724.9797680064742,19.95813953488372,76,80.85699594156644,0.05931200000000001,2176,51.63333333333333,13,3.7934805790275665,0.4988349160257758,0.4832531728785565,333.1,9.250000000000057
480,61.44341213428468,1029.9368305410608,19.143333333333334,92,104.44602902788434,0.05825600000000001,1660,69.88333333333334,16,4.433748794864184,0.3935830188387015,0.4935071271109002,245,11.750000000000057
481,15.867299645351189,779.22077922077915,11.810416666666669,69,93.64969321069265,0.0616,2078,34.3,12,2.6696211352774317,0.9933271620916124,0,276.7,7.350000000000023
482,55.9484265786647,666.2718389102758,24.788888888888888,83.1,87.239526428783,0.054032,2982,68.42,5,1.1833118608623587,0.03289319594699066,0.9211285080743308,284.3,2.8500000000000227
483,9.3182176330307,353.8128538128537,16.794117647058822,32.5,44.80338433915216,0.04804800000000001,2292,26.82,6,4.332001446656896,0.7086216688050817,0.29137833119491824,315,6.350000000000023
484,57.69354735301476,1509.2329545454545,15.55764705882353,100.9,101.1408691071463,0.05632,1943,62.46666666666667,18,6.742641200336838,0.6058313272353489,0.3795739207031388,254.1,8.350000000000023
485,32.91956689581337,1309.929263819753,16.085,42.1,48.96169307586335,0.06107200000000001,1750,36.666666666666664,9,3.2125423235289885,0.8033888716333142,0.19661112836668584,272.1,10.350000000000025
486,17.625099103842512,421.4998651200431,18.7,58.7,73.77563699998815,0.05931200000000001,2548,38.63333333333333,5,1.449180197824604,0.10626534928887645,0.8937346507111236,297,5.550000000000011
487,69.45846354052824,675.9719380298158,26.508108108108107,99.7,94.117477975322,0.054736,1688,79.42,12,5.571266487452489,0.9285294658171166,0,234.1,10.350000000000025
488,131.226030017647,787.5787578757875,42.180952380952384,92.4,44.389224852149376,0.05332800000000001,2219,76.26,1,1,1,0,264.8,7.350000000000023
489,106.02875205865556,522.7823024433196,32.11578947368421,196.1,124.2699258735253,0.072688,2361,103.35714285714286,14,3.484230044741636,0.6043468017434325,0.3956531982565676,286,6.050000000000011
490,21.78202008688919,1309.7697756788666,13.72112676056338,24.9,35.563141978473226,0.054208,228,23.4,4,1.7966170690573546,1,0,183.1,16.850000000000023
491,53.00613871252463,1620.7153502235494,17.051724137931036,61,66.12033022823076,0.05368,1714,50.02,22,11.575503300924089,0.6143830677567147,0.35576696035568833,255.1,10.650000000000034
492,27.519900438168367,410.35353535353545,21.276923076923076,101.1,96.00094972715438,0.06336,1218,48.733333333333334,9,3.335756827080352,0.8824752106687186,0.11752478933128144,248.4,12.550000000000011
493,13.768726503168608,475.5706848217863,17.294736842105262,34.7,49.5316766276962,0.039952,620,30.3,4,2.271582746733597,1,0,208.7,15.850000000000025
494,13.41983819822671,536.3368195226599,14.390625,47.2,74.5476742002916,0.059664,667,33.333333333333336,13,4.932157775497613,0.9732971867481282,0,237.9,15.350000000000025
495,22.082436458672685,983.717774762552,14.263793103448275,51.7,64.18009298870776,0.05896,691,35.5,19,7.717307541939266,1,0,225.3,15.550000000000011
496,20.142732570426407,885.0184083828937,13.548,51.1,76.8509889831451,0.056496,992,37.833333333333336,15,5.791627020460194,1,0,256.40000000000003,13.450000000000044
497,29.999978597000148,538.2775119617224,17.394444444444442,99.6,117.63360805060958,0.06688000000000001,1100,45.975,10,3.3213342654340963,0.9404703780787952,0.05952962192120485,218.1,13.050000000000011
498,49.267610290895895,833.3333333333342,23.436363636363637,51,61.57067965591722,0.0528,1496,46.7,9,1.6293883403483618,0.6928171199699392,0.3071828800300608,262.5,12.850000000000025
499,4.981026239790818,322.99741602067184,12.540909090909093,27.8,51.01794607944664,0.068112,230,20.38571428571429,3,1.0838708109008333,1,0,133.70000000000002,16.850000000000023
500,22.701343307001785,1010.5247101891384,14.864150943396226,40.4,54.79617744341285,0.052448,1072,32.14,12,4.435944415775639,0.979613837073416,0,136.8,12.750000000000057
501,19.040364129192312,827.2977022977029,14.486792452830189,52.9,63.554878174327314,0.064064,1450,35.3,14,5.734282272573644,0.8881135420212459,0.11188645797875409,154.8,11.250000000000057
502,21.515496943506538,910.6746911624952,13.419565217391304,65,82.78291871826293,0.050512,727,39.18,15,4.928340284266674,0.9584917011357752,0,141.1,14.750000000000057
503,29.302595602784944,984.848484848486,15.294230769230769,64.1,79.47875229571714,0.0528,1347,45.58,10,1.733120823908895,0.9626818897179328,0.01136505696656671,143.70000000000002,11.250000000000057
504,63.41724819411551,1461.9883040935651,18.831818181818186,63,75.08440403947002,0.06019200000000001,1539,57.5,9,1.5309398069977311,0.9188176198545572,0.01357859003710427,152.1,10.650000000000034
505,2.7943874011502663,393.7893789378938,9.128571428571428,14.2,29.741618320061008,0.05332800000000001,920,13.016666666666666,7,3.7574656010130103,1,0,110.7,14.450000000000044
506,58.20704769342078,811.6883116883117,24.170454545454547,72.5,75.89297672492881,0.054208,976,62.12,12,4.758912766683958,1,0,132.1,13.650000000000034
507,23.750997837272763,2801.342111927066,9.905649717514123,19.6,31.73947015534242,0.063184,1470,18.866666666666667,8,2.433979859034083,0.5424879837666001,0.3357772685152372,146.8,11.350000000000025
508,11.928666460427593,595.6744868035186,13.230769230769232,36,68.90595247612086,0.043648,750,31.55,12,3.7541306561260934,0.9048180840000992,0.08180749770476128,127.2,14.450000000000044
509,42.43103889455003,1027.96052631579,17.91090909090909,71.8,80.62733922860997,0.05350399999999999,928,55.82,12,3.737908817189785,0.9933627562093604,0,108.1,14.450000000000044
510,0.26039101343296656,60.4448742746615,7.4,7.7,5.733298225836877,0.033088,1283,7.4,1,1,1,0,146.70000000000002,11.550000000000011
511,2.5299574371013067,465.40490226497025,8.154166666666667,12.5,20.67336324263335,0.05156800000000001,782,10.76,7,5.4255289277181085,0.7498772867774846,0,111.9,15.250000000000057
512,32.10696135612812,535.3688864327157,19.893548387096775,72.3,98.0011842001155,0.05790400000000001,1706,56.166666666666664,13,5.114018112207575,0.748475888247593,0.24707912815104716,146.5,10.150000000000034
513,62.95524486905104,588.3539537385691,25.97714285714286,115,102.41559147372688,0.059488,1295,72.96666666666667,15,4.339609214526614,0.8645788165181528,0.13321160125693096,141.3,12.250000000000057
514,1.968719460648771,204.1371801850844,9.508333333333333,27.6,62.510903987001065,0.058784,1202,12.433333333333334,7,3.116801316691511,0.30314704557962674,0.6968529544203733,140.1,13.150000000000034
515,39.34629312638635,170.6251706251706,39.88,116,96.96062320001266,0.05860800000000001,1112,59.95,4,1.0721569248782885,0.9782729527486111,0,129.4,13.450000000000044
516,21.02141148329157,782.6195842724762,14.274,62.9,83.20941405415326,0.063888,1020,39.68333333333333,15,3.712793134027451,0.8679372821159103,0.09460793139003912,141.1,13.050000000000011
517,54.77308348212523,2124.044180118945,16.764166666666668,34.6,41.19489463092796,0.056496,1805,31.083333333333336,15,1.2987926468781767,0.7654171257652744,0.22715142195059437,155.10000000000002,9.250000000000057
518,45.438444489969825,868.464437117287,18.357627118644068,86.7,99.67824408341755,0.06793600000000001,1852,62.4,19,3.7837988123526425,0.7621214168990895,0.1624252048802663,157.9,9.250000000000057
519,39.934953888196155,705.4606467358138,19.775675675675675,101,93.08209510891916,0.052448,1847,56.42,13,4.517762576749081,0.4168629312779075,0.5831370687220925,148,7.850000000000023
520,30.762861472139026,1394.628099173553,14.434567901234567,42.5,59.354038981110065,0.05808000000000001,1618,34.11666666666667,16,6.324824656979335,0.8609130857899286,0,140.4,11.050000000000011
521,11.283080875522773,716.064757160647,12.3,33.5,57.73591735470834,0.06424,1715,27.733333333333334,14,2.618263222655042,0.9280248490132488,0.04340434659130399,148,9.650000000000034
522,36.58538364159256,809.4210259014733,20.22235294117647,56.5,64.45335484514506,0.06300800000000001,1575,45.81666666666667,16,6.3815382026063725,0.490577315572447,0.4951248339860422,144.20000000000002,11.050000000000011
523,45.581824574249744,1167.496886674968,14.21,79.5,121.9264562095668,0.05139200000000001,1238,68.36,24,4.4103063237035975,0.7742362555830008,0.21014548047600787,130.9,13.250000000000057
524,38.243928551893575,1360.43533930858,15.544264705882354,61,69.89440448769221,0.049984,1334,46.26,17,4.194222703424571,0.24576579801533055,0.7542342019846694,145.1,11.350000000000025
525,27.47230891291188,907.037239868564,15.956603773584906,68,72.42242262242523,0.058432,943,40.6,10,3.499112931051951,0.3625812024522517,0.6374187975477483,129.1,14.350000000000025
526,45.09589635485939,1297.1353405437003,17.871830985915494,67.1,62.56089073017327,0.054736,1350,45.739999999999995,19,7.68911041156111,0.44169518016960013,0.5583048198303999,152,13.450000000000044
527,15.70921047657091,990.67599067599,12.454411764705885,44.3,55.32887492955116,0.06864,839,28.714285714285715,23,9.76409554342671,0.8467896416107463,0.1532103583892536,135,13.950000000000044
528,39.22697031296277,748.3370288248341,19.557407407407407,119,87.11907424107666,0.07216,1274,51.114285714285714,17,5.033060610413063,0.18312533162459552,0.8114095300120918,144.9,12.050000000000011
529,4.427799195059729,670.640834575261,8.76388888888889,16.5,31.17631193429003,0.05368,960,14.78,15,7.159075365119451,0.3845107654585857,0.6154892345414145,147.9,14.650000000000034
530,42.61491988725361,1599.8803827751235,16.794392523364486,35.9,45.202677094867994,0.06688000000000001,1633,31.12857142857143,15,3.289777909794501,0.7383853477443714,0.2616146522556287,163.4,10.350000000000025
531,11.395317648301626,722.6252550442074,11.601960784313723,48.9,70.81390604342597,0.07057600000000001,850,27.52857142857143,18,4.973098414810083,0.9128506029134604,0,137.6,14.550000000000011
532,29.61180114629412,1095.290251916758,13.923750000000002,76,88.62102805304252,0.07304000000000001,998,47.48571428571429,21,7.568515688404433,0.987769576036032,0.01223042396396786,146,14.450000000000044
533,31.837084784917707,1173.0205278592375,16.3046875,38.5,55.196841247656195,0.05456,1758,35.34,18,8.26725139454091,0.8684559049974657,0.11263943036043007,160.9,10.250000000000057
534,14.528563215496634,495.7291031116531,17.696153846153845,35,44.6390299077802,0.052448,591,29.4,1,1,1,0,126.1,15.750000000000057
535,15.572605538067034,714.4801306477949,14.397619047619049,52.5,58.90784968298755,0.058784,307,30.533333333333335,13,7.208782046886663,1,0,113.5,16.750000000000057
536,10.294708809375518,597.1880971880965,13.12,30.1,53.216029703845805,0.05860800000000001,553,25.233333333333334,13,5.411466083831605,1,0,125.8,15.750000000000057
537,27.878793630782717,668.449197860962,18.776470588235295,61.9,72.2189518837296,0.050864,391,46.08,8,2.2928928907407675,1,0,122.7,16.55000000000001
538,20.51133206275718,1214.591567852436,13.340677966101694,30.8,46.0141805397406,0.04857600000000001,422,25.14,9,2.495092811079238,1,0,115.3,17.350000000000023
539,19.484819201641866,1331.6761363636367,12.186666666666667,33.8,50.77830341999372,0.05632,770,28.55,14,4.142334434091731,0.938507779147818,0,148.6,15.850000000000025
540,1.110978767362022,230.6273062730627,7.727272727272728,10,17.29563818845725,0.047696,367,8.88,1,1,1,0,111.9,16.55000000000001
541,5.8959489282239295,724.9216300940436,9.678378378378378,24.5,32.932303787303944,0.05104,391,15.3,4,2.602358701891335,1,0,122.4,16.250000000000057
542,11.894930198282625,836.5867261572783,11.652083333333334,47.8,58.350066286299494,0.05737600000000001,618,24.766666666666666,12,6.335913916346806,1,0,117.7,15.750000000000057
543,24.28827822702507,1840.3373356203565,11.851456310679612,36,44.530491493709675,0.055968,687,24.983333333333334,20,10.250761216164491,0.6053165929664379,0.394683407033562,121.7,15.650000000000034
544,18.963450519251975,823.9494644328485,15.441666666666666,35,48.35636815884912,0.05825600000000001,330,28.816666666666663,12,4.233530184663152,0.9592181960109138,0.04078180398908616,39.5,16.250000000000057
545,20.019375315901502,909.7775336446036,15.456603773584906,32.1,41.95827261023304,0.05825600000000001,345,27.45,15,4.049241703387828,0.9064053691958384,0.09359463080416149,66.60000000000001,15.850000000000025
546,25.325825533300826,1227.431105479886,13.935483870967742,58,59.88156112131213,0.050512,259,33.72,8,2.8080452280389707,1,0,40.2,16.450000000000045
547,12.413833158558097,385.5519480519482,17.07894736842105,43.5,65.41862879697206,0.04928,217,33.56,5,3.722140576408168,0.9235350129439752,0.07646498705602475,38.6,16.55000000000001
548,21.465147296924663,1981.1602870813351,11.433018867924527,19.6,23.64147166037193,0.05350399999999999,438,17.28,1,1,1,0,87.80000000000001,15.350000000000025
549,18.57198016788846,382.56631149399215,18.396296296296295,66.9,92.63941302444346,0.07057600000000001,321,42.31428571428572,9,4.32208468075891,0.963394119460419,0,71.7,16.650000000000034
550,45.26739570763767,1712.9010695187158,13.71951219512195,76.5,89.8529953772917,0.023936,686,56.9,8,3.287490521563509,0.9583493751943216,0,121.7,14.950000000000044
551,36.288424700701235,1572.8216420257927,15.49625,35.2,47.55653384201605,0.050864,704,32.64,29,5.064180665020632,0.8325122311892612,0,142.6,14.250000000000057
552,58.069371074747586,840.2688860435336,25.14761904761905,72.5,63.318565219062386,0.049984,646,56.58,21,6.535547789465928,0.2891930029144461,0.7108069970855538,98.8,15.250000000000057
553,36.74707413646989,1029.591214154971,20.52962962962963,31,28.229756147247937,0.052448,1143,29.86,3,1.4143469432560842,1,0,171.9,12.550000000000011
554,25.16862118804305,851.4540214828388,14.273076923076925,83.3,92.95528800098296,0.06107200000000001,493,39.666666666666664,19,5.055583077372179,0.4961262917734934,0.5010296926972788,100.5,17.250000000000057
555,39.96808896296457,768.8268826882687,21.629268292682926,58.6,65.2092180590919,0.05332800000000001,926,48.06,11,1.9250875328655332,0.2797280510528427,0.7202719489471572,129.8,14.850000000000025
556,22.465810079842363,1615.929941618013,11.810752688172045,35.2,52.144313440765714,0.05755200000000001,416,29.55,22,8.676456002779966,1,0,96.8,18.65000000000003
557,66.9229320752789,583.7484433374846,30.07,119.3,79.71915991425857,0.05139200000000001,2205,66.62,4,1.4078711815928984,0.212601849954281,0.787398150045719,192.2,5.750000000000057
558,41.84077429970728,1124.7285138070124,16.656896551724138,60,84.82718943088592,0.05156800000000001,1270,55.24,18,3.893097011391624,0.31379442120619927,0.6862055787938006,176.60000000000002,12.750000000000057
559,26.26491101364532,1320.6388206388197,13.06279069767442,68.5,69.97719816249642,0.06512000000000001,598,36.34285714285714,16,5.61162477684182,0.3309161084747367,0.12204627551066642,143.6,15.550000000000011
560,13.391918470193955,1278.8137788137776,10.726582278481011,26.2,40.10919754752648,0.06177600000000001,381,22.133333333333333,16,9.041842628251723,0.6565642219329046,0.34343577806709535,90.8,17.05000000000001
561,55.07607752396227,1634.7687400318978,15.229268292682926,72.5,92.7365387451922,0.05016,1888,61.24,22,3.9433358074573017,0.33173108734221834,0.6516694133740799,177.60000000000002,9.250000000000057
562,92.63252572860996,994.3181818181832,24.939285714285713,148.4,96.10530339338096,0.05632,1727,77.5,16,4.529804664170318,0.8590757870605423,0.14092421293945775,190.7,8.150000000000034
563,33.18993597016933,864.9486995943683,17.862068965517242,75.3,73.52751733723652,0.067056,1177,45.24285714285714,16,4.152405417063127,0.8491504319675115,0.10969484512384348,165.60000000000002,14.050000000000011
564,15.93973598177749,1541.5785764622951,10.605714285714283,24,41.481263817236794,0.068112,365,21.714285714285715,9,1.6213885522715406,1,0,100,16.950000000000045
565,5.307783957852716,799.5372890582466,8.87872340425532,16.3,27.164164143712327,0.058784,297,13.516666666666667,9,5.6995169078755,1,0,119.5,16.850000000000023
566,19.942360984698286,1119.774386197743,13.305555555555555,38.5,53.490617071938686,0.048224,515,30,16,8.174537567087551,0.9660412954616916,0,132.5,15.750000000000057
567,67.22303387473357,1441.160879936392,18.189655172413794,82,89.680216764491135,0.060368,1004,65.66666666666667,22,5.297001296312298,0.44930936649398534,0.5506906335060147,158,12.850000000000025
568,16.297753470395566,745.4280413464082,14.104444444444445,54.2,63.90663164446394,0.060368,578,32.416666666666664,11,4.421882950575232,1,0,130.20000000000002,16.750000000000057
569,66.95824498499661,1545.788770053478,18.154054054054058,76.7,82.6251255012626,0.047872,630,58.92,20,1.5619621353281012,0.5487915448006057,0.45120845519939434,113,16.350000000000023
570,20.786555298241616,1538.8257575757566,12.271794871794873,26.4,37.93413722875248,0.050688,437,22.46,6,1.329889390967152,1,0,128.5,16.650000000000034
571,59.02031522701678,958.8068181818194,18.246296296296297,114.1,117.4599152004975,0.05632,528,69.08333333333333,13,2.442875537479058,0.9816877573698954,0,146.70000000000002,16.850000000000023
572,16.781963672018428,685.4740433828904,15.971111111111112,37.5,47.65545076086497,0.065648,1054,27.625,18,5.725916049622574,0.3975307442613881,0.6024692557386119,148.9,13.450000000000044
573,51.20743080559914,828.1972265023119,22.24418604651163,67.5,77.78781198630404,0.05192000000000001,838,56.9,13,2.9551872331066367,0.7115681812754371,0.05334474411278349,130.6,14.350000000000025
574,38.45723061374426,823.4519104084314,20.13,63,69.06420359342962,0.06072,1069,50.016666666666666,11,5.672487850631168,0.8140116370581848,0.18598836294181528,121.5,13.750000000000057
575,25.67563287473286,1238.5434728758987,13.92,59.7,60.56293853856428,0.06459200000000001,560,35.93333333333334,16,4.908419700593404,0.5785063020126248,0.3314665868234,104.6,16.55000000000001
576,13.316761546185916,864.9932157394852,12.231372549019609,42.7,56.25200375601749,0.05896,482,27.066666666666663,20,8.793824821690322,0.9788060409324688,0.02119395906753122,114.7,17.55000000000001
577,22.97766389643171,825.5633255633248,16.488235294117647,39.1,55.92103154009591,0.041184,299,32.375,4,1.6119098856832066,0.40391879572112255,0.5960812042788773,77.5,17.950000000000045
578,44.88873196755513,1399.1263991263995,17.024390243902438,55.8,64.38147089052973,0.05860800000000001,1353,44.68333333333334,27,9.59623971355916,0.6124075491660792,0.1758944712748157,138.3,11.750000000000057
579,53.55609842723356,522.6598327488534,27.63225806451613,93.5,85.57621355531518,0.05931200000000001,996,70.1,16,7.824825971797566,0.7317069747288892,0.26675485008818345,140,13.550000000000011
580,31.192104793665525,905.5397727272738,17.517647058823528,56.3,66.16593719633705,0.05632,846,43.55,11,5.077834992862066,0.7977452907775269,0,132.5,14.750000000000057
581,44.7516762695923,946.969696969696,17.95695652173913,66,94.08888683949064,0.04857600000000001,326,60.84,19,3.542794393648898,1,0,126.8,17.150000000000034
582,19.014195188858412,959.5123419626732,14.972549019607843,25.7,35.77867523097753,0.053152,302,24.66,6,1.1649138669157622,0.5984397521943866,0.4015602478056135,72.10000000000001,18.250000000000057
583,22.63480361203915,1132.823562730104,14.16875,36.3,52.10467295661476,0.056496,564,30.916666666666668,13,5.234473019881927,0.8969722520786231,0,128.5,17.250000000000057
584,25.95340323473501,592.2416345869117,19.38125,52.2,70.7850837599126,0.054032,1204,45.9,8,3.2489876782973877,0.5070355246850473,0.4582861044996258,235.4,12.050000000000011
585,25.804027158959837,1010.46912271402,14.962295081967213,46.9,67.81684362519852,0.060368,894,39.7,15,5.717991202676506,0.5546437034040343,0.16091524335064436,237.2,14.350000000000025
586,2.5189221693657355,254.4097693351424,10.826666666666666,17.5,28.437535100990974,0.05896,81,13.883333333333333,5,3.4216941853012117,1,0,136.70000000000002,17.950000000000045
587,22.50447847003699,900.0900090009012,13.1203125,84.1,92.88539796791645,0.07110400000000001,158,37.285714285714285,22,3.0619396605943447,1,0,165.5,17.250000000000057
588,38.529974116578,1085.4816824966092,16.5953125,81.3,80.69702816312413,0.05896,432,47.516666666666666,20,6.796181002678844,0.9758708915322823,0,180.3,16.350000000000023
589,45.252387184821224,382.2629969418961,32.05,78.2,69.9716538803685,0.05755200000000001,929,62.85,11,3.682755507704393,0.8918354466900361,0.10816455330996393,231.9,12.450000000000044
590,13.832156515787252,787.5787578757875,13.347619047619048,34.3,51.125473960903534,0.05332800000000001,823,26.46,15,10.4889887620877,0.5042779557641899,0.32101457965700986,234.2,13.750000000000057
591,9.931713914755678,619.172494172494,11.426470588235292,50.3,76.2443354442149,0.054912,144,27.58,12,3.2876776977688467,0.8917501293446283,0.01057151020471199,187.6,17.55000000000001
592,25.186484137395187,506.014341892204,18.071428571428573,87.6,98.39900296872808,0.069168,600,42.214285714285715,13,2.168239740906395,0.945290839234554,0,210.6,16.950000000000045
593,17.920923285393503,815.8508158508153,15.221428571428572,34.3,45.92183559547701,0.06864,653,29.057142857142857,24,10.588780538944386,0.5850425447129696,0.2807194563482508,203.3,14.450000000000044
594,28.994937705697495,1428.479712378019,13.413483146067415,58.2,66.43478400189984,0.062304,510,38.7,27,9.699802683187752,0.3350130938513443,0.6649869061486556,197,15.750000000000057
595,34.43488460783964,882.8890407837777,18.62741935483871,52.6,66.20109620605356,0.070224,1118,44.957142857142856,18,7.032937251347361,0.4635351167755075,0.47067790986509944,246.8,12.850000000000025
596,27.369234347881143,804.0308747855919,16.173333333333332,65.5,81.96631987626127,0.055968,731,43.53333333333333,11,4.281335744081681,0.7951937645941374,0.17325409573620076,172.9,15.750000000000057
597,34.525512367781886,1469.435736677117,15.005333333333333,38.3,57.713455202785255,0.05104,389,37.62,19,9.06923778562022,0.8732669311409184,0.12152291788185468,206.2,16.55000000000001
598,9.163743571181326,432.9004329004329,14.083333333333334,42.5,61.195856179323215,0.05544000000000001,385,25.266666666666666,11,4.854523474887662,0.9696330557847848,0,218.4,16.450000000000045
599,30.969631888402652,1318.6472230840827,13.975,63.5,73.4209705399291,0.05156800000000001,1183,43.04,15,6.785137904002815,0.4473967085797038,0.5526032914202962,188.7,13.250000000000057
600,20.529455282677,1160.9907120743046,12.907575757575758,37.9,59.72942340404354,0.056848,615,33.55,17,8.125324725244896,0.6211920073495639,0.3788079926504362,216.4,16.150000000000034
601,10.049724832705074,1100.2886002885996,10.091803278688523,22.1,37.97943528543136,0.05544000000000001,513,18.133333333333333,13,4.2227217497185485,0.8852136979028405,0,192,16.250000000000057
602,13.005918615630948,827.4492497793467,12.355555555555556,38.3,56.392753886901225,0.054384,700,27.42,8,5.112455060407076,0.8684061719195196,0,130.20000000000002,14.850000000000025
603,46.4685521048926,806.2039312039307,22.507142857142856,70.7,67.79834141316077,0.052096,566,56.96,15,3.699009062719712,0.944904047273434,0.05509595272656609,175.10000000000002,15.750000000000057
604,19.346722721413,1203.3877650499644,11.551898734177216,49,73.53733696031874,0.065648,565,34.27142857142857,30,3.610286721270117,0.2904609043712598,0.7002804968801878,215,14.150000000000034
605,16.05065473353639,786.4663585002561,13.712244897959184,45.5,62.44600820665445,0.062304,794,31.75,16,6.72149564279799,0.7669790264818582,0.2330209735181418,163.8,14.650000000000034
606,20.056074691082127,698.8332523091876,15.682608695652174,51.8,70.46594547372803,0.06582400000000001,326,37.58571428571429,12,7.669172427437115,1,0,139.3,17.450000000000045
607,33.09797303960446,615.8614113159567,21.574193548387097,76.1,69.7003400871192,0.050336,757,43.9,11,5.560111967020712,0.6205068764245435,0.3794931235754565,146.8,14.750000000000057
608,32.45592293570962,761.1158312092886,17.088372093023256,66.7,93.79607480727496,0.056496,2199,52.55,13,6.079699747867053,0.7871313293730554,0.21286867062694464,215.4,6.650000000000034
609,38.04221835206601,934.2073021318288,17.29344262295082,83.8,86.36616318057165,0.065296,664,50.84285714285714,16,4.438241942671387,0.4319352420274895,0.5660550877383604,177.3,13.550000000000011
610,26.97479536947033,1351.880877742947,14.05217391304348,42.6,53.92703598738973,0.05104,648,33.480000000000004,20,9.976397688563184,0.8778935355219227,0.12210646447807724,149.9,16.150000000000034
611,36.98690438023889,1532.595693779902,13.609756097560975,75.4,81.67445940139324,0.05350399999999999,286,48.18,17,6.388511962038241,1,0,157.9,17.650000000000034
612,33.24135308213,683.2566168009208,20.85,59.6,66.06150872172313,0.055616,963,44.25,10,3.3271156311515977,0.9384439510531656,0,151.70000000000002,14.650000000000034
613,23.412815651245957,1028.4596708929053,14.537704918032787,44.2,61.45374754365065,0.05931200000000001,1354,35.833333333333336,10,2.892935687993072,0.8836075250305194,0.02776051192387325,189.9,12.250000000000057
614,36.04574846798094,1231.5270935960582,15.85,54.8,69.92624877745664,0.071456,477,43.957142857142856,25,10.160014196666072,0.7470803497790666,0.2402917738561451,161.3,17.250000000000057
615,34.16449790637638,430.7515589104035,27.409523809523808,56.9,60.11506904608191,0.048752,1386,52.48,9,6.461935711671926,0.6835748763950626,0.31642512360493735,169.60000000000002,11.450000000000044
616,33.920324807965706,903.5307200444822,17.253846153846155,74.7,78.58386261326959,0.05755200000000001,841,44,17,4.684080469667732,0.5206749654622044,0.4793250345377956,174.5,14.050000000000011
617,44.146366626404415,849.6176720475779,19.883333333333333,78.5,82.93015272582042,0.056496,558,53.983333333333334,13,4.256057906500841,0.48520233769162074,0.5147976623083794,156.5,14.750000000000057
618,42.93393205462091,1007.7186963979424,20.561702127659576,58.4,53.78036077999542,0.04664,1283,43.54,9,4.072236795610319,0.3631944299681056,0.6368055700318944,165.70000000000002,11.650000000000034
619,47.20532304083989,1044.721407624634,19.436842105263157,55.2,72.949178198897485,0.05456,830,50.4,17,7.410921895532624,1,0,173.4,14.150000000000034
620,8.43195429321435,694.8986265533027,11.947058823529412,17.7,29.59203579120247,0.024464,406,17.6,7,4.0454346980656295,1,0,124.5,16.150000000000034
621,18.17575902778124,960.7739199575929,13.66551724137931,51.8,54.305175303604734,0.060368,640,29.016666666666666,15,5.36951273846669,0.6897241554903631,0.2999986203384686,153.5,15.150000000000034
622,12.438506627646497,1174.049165120593,10.938271604938272,23.1,35.921614263187415,0.06899200000000001,276,19.542857142857144,19,4.845166780691544,1,0,124.9,17.350000000000023
623,13.27978756403775,620.1984635083224,14.674193548387096,30.8,52.43587729988515,0.049984,262,27.48,6,1.4056000148240455,1,0,116,17.450000000000045
624,13.796931905911036,961.0196924736985,12.571929824561405,27.6,39.91540658271501,0.05931200000000001,406,22.65,20,11.280952104771016,0.9765076507650766,0.02349234923492347,111.7,17.250000000000057
625,18.108531414430015,1066.292956373385,12.77,35.4,57.50637181640058,0.065648,280,30.34285714285714,17,7.310963544589798,0.7240253768724412,0.12365548670416276,85.2,18.250000000000057
626,77.81430607978169,675.2305665349138,28.50243902439024,123,90.90115939779172,0.06072,1978,82.96666666666667,13,2.7428376645722103,0.2782156518372666,0.7217843481627333,245.5,7.650000000000034
627,26.240959658348352,1376.4404609475048,14.245348837209304,36.7,44.54876690601272,0.06248000000000001,1714,29.266666666666666,11,5.410562344485544,0.46482177112109746,0.46757041256338594,230.6,8.950000000000045
628,53.95557027248514,934.5095693779908,19.1752,109.2,100.98102846753174,0.05350399999999999,1619,67.10000000000001,16,3.662828216823829,0.49344275830403833,0.5011438337359797,171.5,10.450000000000044
629,29.542684978851536,946.9696969696972,15.828333333333331,63.1,77.16066818358901,0.06336,1574,45.8,19,2.785569479877697,0.1747548912949527,0.8087946440014758,177.4,10.450000000000044
630,92.23827593178754,719.6969696969702,28.492105263157896,110,101.8539731684723,0.0528,2509,92,8,2.118499842231438,0.01815432650296026,0.9818456734970398,206.3,4.150000000000034
631,51.8176675088552,626.3421617752323,25.354761904761904,100.1,80.87737386722596,0.067056,2174,62.128571428571426,15,5.014280378040395,0.5177794584664038,0.4822205415335962,234.6,6.750000000000057
632,34.26541206006125,1238.3449883449864,16.919117647058822,40.5,48.39334853457858,0.054912,1712,34.7,9,2.247872917240235,0.7058929511716276,0.29410704882837246,239.3,8.750000000000057
633,32.219700593824534,487.0129870129873,23.120833333333337,93.3,77.50938474186107,0.04928,655,47.5,7,2.9958726269307903,1,0,187.7,14.650000000000034
634,10.338315199521924,618.3155080213903,13.094594594594597,37.5,49.82608685262583,0.05984000000000001,1230,23.214285714285715,18,7.442147067252208,0.8692617776552994,0.1307382223447005,144.70000000000002,11.350000000000025
635,106.8263165365083,998.1572481572474,26.501923076923077,175,97.90716126838215,0.052096,2226,84.08,16,4.082984485986952,0.3257325808204252,0.6261375339480398,178.20000000000002,7.250000000000057
636,66.97219639978712,981.8439351017244,21.837704918032788,100,91.36993306872088,0.06212799999999999,1220,71.33333333333333,20,4.843035741411434,0.2701918121497132,0.7240830494408678,194.6,11.550000000000011
637,73.55227852194709,2214.638396747022,15.45983606557377,110,88.06961573350182,0.05508800000000001,2218,62.43333333333334,12,3.448951741381358,0.12809068322376962,0.822961245949853,221.4,6.4500000000000455
638,56.65259175472559,1342.0245398773006,18.98701298701299,75,70.52558148950607,0.05737600000000001,1449,53.416666666666664,15,5.201716749566072,0.6222336009082057,0.3724950445471039,225.8,9.650000000000034
639,51.86016622837236,1102.9411764705892,21.003030303030304,52.3,60.21995591898073,0.05984000000000001,1369,47.733333333333334,17,7.726441239622603,0.6462784968990012,0.3421455580782337,207.7,11.750000000000057
640,30.106346601147298,654.9646319098764,21.95,54.5,46.9297623725067,0.06107200000000001,820,39.58333333333333,14,5.1180131503076405,0.2535612463250936,0.501487106872313,179,14.150000000000034
641,57.68340098369256,975.824729287332,19.76451612903226,90,97.05173455820422,0.06353600000000001,1110,69.45,16,2.387768347382659,0.9900108995193811,0.00998910048061876,170.60000000000002,12.950000000000044
642,41.71719645531229,532.181317305284,26.511764705882353,63,65.78200690986506,0.063888,1617,56.166666666666664,14,5.707469334732274,0.6911583009776666,0.1667927718949935,147.4,9.050000000000011
643,5.971182911776903,387.3966942148762,12.98148148148148,26.6,41.34016451093127,0.06969600000000001,733,20.12857142857143,8,4.927200548142215,0.6341978302359607,0.3658021697640394,149.4,13.950000000000044
644,83.93864930567828,1692.870485678703,20.97816091954023,70.3,66.3020144965432,0.05139200000000001,1302,60.58,15,3.627795661351916,0.2673050444360997,0.6881527158322226,177.20000000000002,11.550000000000011
645,73.61981352861224,1699.689199689198,18.84952380952381,63.7,74.66339413404161,0.06177600000000001,935,58.266666666666666,20,9.261174587904817,0.5996836484403278,0.4003163515596722,191.2,12.150000000000034
646,46.95572229169026,819.000819000818,22.027083333333337,74.5,71.78180780085499,0.05860800000000001,1548,54.266666666666666,12,1.904585347209657,0.8573881085265571,0.12035611931431674,181.9,10.650000000000034
647,117.62826852769034,905.5397727272738,27.509803921568626,136,109.9613992431874,0.05632,2571,95.83333333333331,12,3.407403921384473,0.03371950789520135,0.9205460680197396,223.8,5.150000000000034
648,20.29839584121309,559.4405594405596,16.0375,67,90.6554224795934,0.0572,1939,42.56666666666667,9,2.53418877821847,0.6646701210191359,0.2740377525976994,179.4,9.750000000000057
649,22.05305676369359,1244.5887445887445,12.623188405797102,49.7,64.95827408408688,0.05544000000000001,493,32.15,16,3.04855269300865,0.7455430676406345,0.17478940630930645,116,15.550000000000011
650,7.322280377323304,868.9839572192506,9.884615384615383,18.4,31.72351975188672,0.04488,451,16.775,12,5.127399390669305,0.9286246815064846,0.0356876592467577,117.9,17.150000000000034
651,51.852993078978606,1156.7773543821447,17.651470588235295,93.4,91.87984812662556,0.058784,1269,60.2,17,6.167061465546923,0.6031120379335858,0.38840363749367574,187.7,11.750000000000057
652,7.898150609635569,351.81536729524356,15.045,35.4,52.59629137051163,0.056848,1037,25.416666666666664,7,5.779039421647769,1,0,170.4,13.450000000000044
653,36.24807941891483,1623.376623376625,14.62403846153846,55.7,57.667433774565026,0.064064,820,38.016666666666666,16,5.751070903916292,0.6926085512882654,0.3073914487117347,145.3,14.750000000000057
654,41.09950317102235,835.079905685092,17.968627450980392,73.6,97.96186815959804,0.06107200000000001,589,59.25,15,3.674967784041914,0.9921966315022231,0.00780336849777694,127.4,15.950000000000044
655,21.090853387991533,656.3833278634725,15.837500000000002,62.7,80.71124370663829,0.048752,806,40.66,12,4.456121586990401,1,0,143.1,13.750000000000057
656,28.24435051264127,1161.2475116124745,15.3875,35.3,55.99261782544486,0.048224,408,32.7,17,2.9472381144982487,0.988240374103099,0.01175962589690113,111.9,16.350000000000023
657,72.190544915427,903.1791907514464,22.39272727272727,100,102.4025863521233,0.060896,2252,78.03333333333333,10,3.3248766444121927,0.9908960845246124,0.00910391547538751,192.5,5.650000000000034
658,18.329013586919956,687.7128635053701,15.33095238095238,55.9,67.4250210601452,0.06107200000000001,1497,34.457142857142856,5,1.7576489191632876,0.10975118130461688,0.7968298760811904,184.9,11.150000000000034
659,42.27186594969253,842.9997302400863,19.486,80.5,83.3892019248848,0.05931200000000001,1524,56.3,19,3.947611727682727,0.17040061782099605,0.7749036001463745,180.5,10.250000000000057
660,62.350988658556496,1380.7770441848647,18.83103448275862,64,79.28385842201764,0.06300800000000001,1061,56.66666666666667,15,2.2514196976518983,0.375423081000136,0.6245769189998639,162.20000000000002,13.750000000000057
661,33.55996260885664,790.9349173553711,16.581632653061224,94,99.24629536257392,0.06195200000000001,1064,51.833333333333336,14,4.571875900691954,0.725668773307537,0.24530949557082524,165.20000000000002,11.650000000000034
662,36.676306199127744,1662.0284477427372,13.91046511627907,61,67.62709982761785,0.051744,803,39.92,22,5.320840468530865,0.571418803365675,0.428581196634325,121.9,14.150000000000034
663,41.41865093929477,1356.5586662472465,16.042028985507248,45.5,71.97963288450028,0.050864,2396,43.3,18,4.132418661153609,0.31499851389508093,0.685001486104919,188.3,5.4500000000000455
664,62.99953449786558,1876.7217630853984,15.66238532110092,82,86.55685277217954,0.05808000000000001,1649,59.666666666666664,18,3.0450141731956046,0.25441080789539383,0.7455891921046062,183.9,8.550000000000011
665,59.204893991220445,1001.7530678687694,19.896875,105.5,95.66098058630176,0.063888,1850,66.35,17,5.718749458656426,0.2380267370124167,0.6807778536239932,189,8.750000000000057
666,42.86245937804549,925.3775540420504,21.3,56.2,55.318861112935224,0.054032,1360,46.56,13,2.7939066668245434,0.907011925929844,0.04726509254700586,187.1,12.150000000000034
667,51.54574366817453,2703.168044077142,13.643949044585987,37.1,55.33232810809723,0.05808000000000001,1192,33.61666666666667,28,3.3554709696988345,0.6426339184555189,0.20784552170037912,165.8,13.250000000000057
668,15.886206695549172,978.4399890140078,11.7,59,72.06074672380412,0.05825600000000001,683,30.933333333333337,4,2.1011042275636425,1,0,128.20000000000002,15.050000000000011
669,22.918280365424454,426.13636363636374,19.74074074074074,75.6,88.67378582855946,0.06336,1448,48.28333333333333,8,2.9111820033709463,0.9858868755584118,0.01411312444158811,172.70000000000002,12.450000000000044
670,86.4455419580705,1463.2107023411386,19.53116883116883,113,99.23249664513402,0.052624,1677,82.6,17,4.181821839090166,0.3425351125939806,0.6574648874060193,163.8,10.050000000000011
671,92.61905084174316,1238.1275440976951,19.53287671232877,180,123.17363366930364,0.05896,1620,77.05,16,3.2816986791782488,0.6565729654580533,0.33318075265403424,170.9,9.950000000000044
672,34.66555974880775,744.625744625744,16.056521739130435,126.2,115.23975923007116,0.06177600000000001,725,47.45,14,2.771515943020387,0.8671727802805806,0.11197275969178212,120.1,15.150000000000034
673,17.54389374218674,1334.5665961945035,10.96039603960396,53.1,63.026095342998566,0.07568000000000001,398,28.5875,19,5.7864584329357776,1,0,129.8,17.05000000000001
674,52.67244123109396,970.4968944099388,18.96909090909091,110,96.82512967415688,0.05667200000000001,1692,60.75,16,5.0717516435846175,0.7735125429621523,0.2178473849974114,184.5,10.050000000000011
675,31.094303510389945,1684.8293662173817,13.492553191489362,44.3,54.21164208722426,0.05579200000000001,700,34.31666666666666,10,3.2215853823313014,0.6463217325437136,0.3536782674562864,149,14.150000000000034
676,69.34686122554466,1642.400568181817,20.355405405405406,55.4,54.91338359106034,0.045056,1411,48.18,17,1.4294883835721433,0.912151704588674,0.02459277243845991,155.20000000000002,10.350000000000025
677,56.64945159443503,925.7914609352318,22.37843137254902,68.1,75.2888763699386,0.05508800000000001,797,59.18333333333333,19,7.46756335377408,0.6695478576284482,0.3304521423715519,150.9,14.650000000000034
678,27.309006167288537,706.303365143144,18.684444444444445,56,64.766382576679,0.06371200000000002,578,42.55,9,2.10845370667662,0.28577086389359996,0.7142291361063999,111.6,14.850000000000025
679,15.262324464201836,1111.991225932245,11.464383561643835,35.2,57.80999592976636,0.065648,232,28.3,17,8.24758892894731,0.8223816747790951,0.117188522291803,127,17.950000000000045
680,48.92757159871247,1165.1323360184122,19.516049382716048,58.1,63.941048153673904,0.06952,3180,47.5,4,1.9032571819646955,0,0.9371116507688176,271.3,3.0500000000000114
681,48.753747180031354,980.1136363636376,20.463768115942027,65.5,72.10747171904335,0.0704,3383,54.34285714285714,3,1.3154044841251915,0.15772337157969676,0.8278780512445405,264.5,-0.3499999999999659
682,14.454835418737083,896.0573476702516,12.575,41.2,55.30263894160217,0.049104,3575,28.46,1,1,1,0,282.7,-1.349999999999966
683,21.566915555541975,1057.0824524312882,15.01607142857143,29.9,39.348303321087315,0.05297600000000001,2470,27.02,4,1.1500361192874209,0,0.974379433564135,288.8,5.850000000000023
684,34.311382738034766,1151.719901719901,16.330666666666666,72.2,65.4228414702349,0.06512000000000001,2893,40.35714285714286,4,1.161634039340912,0,1,291.3,3.3500000000000227
685,83.1706073481168,949.69871626932,25.094827586206897,101.6,88.55174028448761,0.06107200000000001,3239,81.95,2,1.0437305413241982,0.03236276365397596,0.967637236346024,308.5,-0.44999999999998863
686,45.94570330895943,757.5757575757582,19.33,103,104.5940613725028,0.0528,2466,62.08,5,2.5732974296906423,0.9491774635355644,0.05082253646443568,299.8,3.8500000000000223
687,5.260168134221354,188.90955591722857,16.092307692307692,40.4,63.23002940777563,0.068816,3219,22.242857142857144,2,1.04994479612432,0,1,266,1.0500000000000114
688,60.40623807861627,687.3167155425214,22.26888888888889,135,113.36094848590928,0.06547200000000002,2506,70.81428571428572,8,1.6643267398696615,0.113222676214435,0.8687525492854715,286.6,4.150000000000034
689,6.142895791487497,479.403409090909,11.4,25.9,51.49699255265246,0.05632,3243,21.133333333333333,4,1.9641886341872636,0.03120232781513077,0.9687976721848692,284,1.3500000000000227
690,50.91515180090325,340.1088348271446,28.023529411764702,144.7,123.13930617164772,0.049984,654,63.7,8,1.4850358410985351,0.9883751819802724,0,229.1,15.350000000000025
691,30.47333304564708,1010.1010101010093,17.66875,38.2,48.51012693474684,0.04752000000000001,3148,33.78,3,1.451427694804248,0.03999272586522159,0.9600072741347784,263.3,2.4500000000000455
692,14.102827718175408,1285.3949329359182,10.584057971014492,41.9,50.065774137751426,0.05368,2608,25.92,5,3.972333878923141,0.33187443704194597,0.5016427463226686,275.2,5.250000000000057
693,27.12430668198207,699.0249498135936,16.128205128205128,94.3,96.07354790646076,0.05579200000000001,2433,42.25,9,2.888806194312897,0.7937406247374927,0.20625937526250737,256.8,4.850000000000023
694,37.726437530760435,539.4131185270427,25.276666666666667,71.1,63.824803043558454,0.055616,1891,53,5,1.541159488978455,0.7161169381834415,0.2654454756685087,268.5,7.350000000000023
695,55.06129005265653,1016.5553296543724,19.819642857142856,91.7,87.71386283361852,0.05508800000000001,1535,60.766666666666666,11,4.007099924039026,0.5247034116927581,0.47186659831302774,258.6,11.850000000000025
696,7.257283029315388,81.16883116883116,30,59,57.542255005440225,0.0616,2555,30,2,1.7663871133834572,0,1,261.5,4.650000000000034
697,47.38491627678677,891.2655971479493,24.12708333333333,47.6,40.78499095407023,0.05385600000000001,2603,42.583333333333336,2,1.0223804374376486,0.03177941575432588,0.968220584245674,274.5,5.9500000000000455
698,61.66978965548464,396.40591966173344,30.36111111111111,144.4,110.29210375139942,0.045408,1899,68.96,5,1.8262838719286432,1,0,251.4,10.450000000000044
699,55.76225159578691,639.2045454545457,24.669444444444444,113.5,92.1247305732898,0.05632,1727,63.43333333333333,6,2.29981304782647,0.91011051110104,0.08988948889896001,259.40000000000003,8.750000000000057
700,73.8466160644886,862.0689655172408,25.225,120.5,85.48144788895586,0.05104,1409,72.96000000000001,8,2.0793023229097196,0.25068077234893466,0.7493192276510654,264.40000000000003,11.150000000000034
701,21.74253669747487,447.0938897168403,16.175,82.9,119.41791214695904,0.05368,2699,36.61666666666667,5,2.2521568697752934,0.04398996705929185,0.956010032940708,260.6,4.9500000000000455
702,51.590038918871016,1474.520289399181,20.182666666666663,31.7,30.804127747661138,0.050864,2213,30.44,3,1.1359103855524595,0.03110930896534997,0.96889069103465,238.3,8.050000000000011
703,28.567200928435835,658.7615283267448,20.7734375,56.1,53.283601878099304,0.09715200000000002,1235,41.02,14,4.785824815692708,0.3976039161582129,0.4721175896374405,194.8,13.350000000000025
704,36.183946887870114,705.4606467358138,22.559459459459458,54.5,53.95102638405095,0.052448,1777,45.82,10,4.633783724538674,0.17929105828313002,0.8207089417168699,229.8,8.550000000000011
705,15.913617189874644,782.1126242178879,14.28529411764706,40.3,52.693700258209994,0.043472,3157,31.175,2,1.4269017158018669,0,1,280.8,0.8500000000000227
706,57.09212592359927,1013.4237107921308,25.4,45.5,33.71444457984658,0.06019200000000001,2886,40.46666666666667,1,1,0,1,279.7,3.5500000000000114
707,49.12219263094561,1105.2303860523027,20.187323943661973,59,62.78157879117834,0.06424,1929,47.3,18,7.509423599214609,0.2203549070747304,0.6994310928810207,244.2,8.350000000000023
708,28.408693352239812,490.6305393770578,22.55161290322581,63.9,68.1614557326274,0.063184,1903,46.983333333333334,7,2.4820567348146945,0.33832502020457644,0.6535283857291743,228.8,8.750000000000057
709,26.111018107748116,568.1818181818178,20.711111111111112,48.8,61.4884482144893,0.04752000000000001,1052,41.6,7,2.0272254467281887,1,0,192.7,13.750000000000057
710,63.866671549179294,592.5822643614055,27.014705882352946,140.4,95.23717639437396,0.05737600000000001,1875,67.21666666666667,19,4.1137662843816,0.14956109720042554,0.8462052716483691,217.8,7.950000000000045
711,25.518198155635194,1109.5806550352013,14.824137931034484,46.1,58.16512242090728,0.052272,591,34.88,14,4.958872344972252,0.48711038757477687,0.505797298845729,172.3,16.150000000000034
712,18.107180025957582,492.54151421334115,20.15714285714286,42.5,39.70525526437474,0.056848,2734,31.65,4,1.7072548957042155,0.08579970769995468,0.9142002923000454,271.40000000000003,3.150000000000034
713,13.170414514341774,292.44652406417106,20.257142857142856,52.8,65.41564364557429,0.047872,2072,33.62,5,2.851033253053135,0.21057445699391825,0.7894255430060817,265.8,6.9500000000000455
714,39.97840159184674,238.60653781913615,28.8625,147.7,129.03154829185823,0.067056,2378,52.92857142857143,8,2.171981031604854,0.9244626527057308,0.07553734729426911,246.6,5.850000000000023
715,32.120174455533906,1018.129269574358,17.07741935483871,45.4,61.92932355227841,0.060896,1923,40.71666666666667,20,7.861716136923919,0.4701839965111536,0.39670636861974,243.8,7.350000000000023
716,78.83972009049414,875.6226650062263,23.12,150.7,108.19868940406792,0.05139200000000001,2320,78.22,16,4.25767162594907,0.84263547882425,0.1426141502464855,241.9,5.9500000000000455
717,16.259810830700324,364.8874061718099,18.2,76.1,86.51656796140163,0.05755200000000001,974,35.36666666666667,11,3.278439746958989,0.9674320006112744,0,213.9,13.450000000000044
718,38.76142413504867,898.9145183175043,18.324528301886794,85.3,80.45138637923145,0.05896,655,52.53333333333333,15,2.7939359800644117,0.9482680648468628,0.04693800334037813,188.7,16.450000000000045
719,17.192300776303615,683.3801936894719,15.90857142857143,37.4,52.29535983264714,0.05121600000000001,333,31.3,19,6.463508521014765,0.9779560654732182,0,178.3,16.650000000000034
720,12.651225941845135,329.1297117516629,19.75263157894737,44.8,51.8171628020375,0.05772799999999999,3088,31.916666666666664,1,1,0,1,279.1,1.4500000000000457
721,101.44299109848592,1540.551285449247,26.405376344086022,57,45.23963415569117,0.060368,3131,48.22857142857143,3,1.0035155639673727,0,0.9917537559121398,287.7,0.05000000000001137
722,27.10343336893779,1264.4508670520254,13.888311688311688,63.5,64.83710371176937,0.060896,3012,39.18333333333334,1,1,0,1,278.2,1.650000000000034
723,35.387265699883656,864.2765685019211,20.303703703703704,43,51.92248602240345,0.06248000000000001,2773,39.416666666666664,3,1.0586219981876652,0.04069932310410947,0.9295403416219832,248.3,4.050000000000011
724,81.84372214927878,1361.6191500806906,25.841975308641977,60.6,38.449339978073965,0.059488,2969,47.25,2,1.8557393966367628,0,1,241.9,2.3500000000000227
725,71.56363506134821,382.2629969418961,31.94090909090909,127.1,118.3228500527663,0.05755200000000001,2308,83.86666666666666,6,1.3144338633375467,0.0482997842518796,0.9517002157481204,244.1,5.550000000000011
726,57.47418524891608,1052.8608771420284,21.16896551724138,80.1,74.87789280595588,0.05508800000000001,1727,56.516666666666666,14,3.9484448606374896,0.9190734747792392,0.08092652522076088,239.8,8.950000000000045
727,33.62806768401986,665.0957737914265,21.005714285714287,57.1,68.7380425974072,0.052624,1510,48.66,7,2.430951150442773,0.6338193591363455,0.3661806408636546,223.4,10.050000000000011
728,18.32105516876704,839.3595041322305,14.142307692307693,54.5,63.022314276531986,0.06195200000000001,572,34.333333333333336,17,8.116316786892929,0.8438795216099924,0.05417461912882423,181.6,16.750000000000057
729,56.51837064796407,1846.590909090911,16.247252747252748,62.2,69.39550019340975,0.04928,2567,48.5,7,1.1359327033484643,0.03152404376219155,0.939792291501222,246.3,4.050000000000011
730,46.61055916461457,1623.376623376624,16.299056603773586,58.1,61.618388974778085,0.065296,2674,42,4,1.793952832583548,0.00653560199098209,0.993464398009018,268.90000000000003,2.8500000000000227
731,45.66937320513942,584.4155844155844,21.73333333333333,97.6,106.68226059015326,0.0616,2642,68.2,5,1.2538971315195988,0.0549998245285856,0.9450001754714143,276.3,4.550000000000011
732,29.501248539938295,2466.8392106114557,10.921311475409835,51,52.811125379376,0.04945600000000001,2064,31.78,10,2.427268582524458,0.09903248709212573,0.7767200346170487,232.5,6.650000000000034
733,10.495133484128353,338.91547049441783,18.66470588235294,33.3,37.41962405506773,0.05016,660,27.56,5,2.963678367311622,1,0,195.5,14.750000000000057
734,30.18528347617674,603.693181818182,21.458823529411763,54.7,62.77983425517044,0.05632,344,45.63333333333333,19,7.4897152924499615,0.9848102421924644,0,183.3,16.250000000000057
735,67.66880006811971,1335.850669706469,18.173333333333336,108,98.27198222211288,0.056144,2249,67.35,13,4.265101716545566,0.3749795592520503,0.6083223369680012,222.8,6.9500000000000455
736,143.0611768857372,840.9090909090914,28.647297297297296,186,128.91552459249667,0.08800000000000001,2421,116.6,15,3.846834737379632,0.41098464441756616,0.5748978406745381,229.2,5.750000000000057
737,80.05610950451815,809.1753447790607,25.163043478260867,125.1,100.57086660881278,0.056848,1306,77.7,8,2.6401718457356984,0.3560156757728223,0.6317881999010257,221.6,11.350000000000025
738,7.45924981681565,363.9598835328372,14.266666666666667,32,54.64857580565698,0.04945600000000001,923,25.02,8,4.492282246703919,0.7081007736469729,0.29189922635302706,212.6,12.950000000000044
739,42.49396707798868,1284.12609062764,17.757534246575343,44.6,58.38213857446739,0.056848,1583,41.5,10,2.4021482099859943,0.7619556721566056,0.2380443278433943,207.3,9.950000000000044
740,15.68059160230466,330.338266384778,18.27,64.1,94.90689267359998,0.030272,909,37.03333333333333,5,2.014266918250992,1,0,177.70000000000002,14.350000000000025
741,41.02027679309533,491.695804195804,27.9,61.1,62.132264838036264,0.036608,2855,53.5,3,1.0707036533871364,0.04358197250292052,0.946889627735616,189.5,2.5500000000000114
742,31.374737483442825,435.7222532069158,24.82,76,71.31601765434696,0.05737600000000001,2323,49.86666666666667,8,1.8774614141482593,0.7764946248897585,0.22350537511024143,194.5,6.150000000000034
743,55.373616345730966,1515.1515151515162,17.732142857142858,99,69.6914103633403,0.05544000000000001,1519,49.916666666666664,14,6.152053030112303,0.8606238517776877,0.13937614822231234,146.1,11.350000000000025
744,46.78978391846507,739.5382395382392,24.73170731707317,59.4,57.00397920342824,0.05544000000000001,1357,51.55,13,5.588770782082483,0.4154553201292745,0.5845446798707254,130.6,11.450000000000044
745,34.80595786212716,1083.2243296272068,17.866037735849055,46.1,53.584008893822165,0.048928,1098,38.34,14,5.328114110480219,0.4073276784843963,0.5926723215156037,117.3,12.350000000000025
746,36.34459559734244,511.5463314820227,23.289285714285715,67,83.2206640655919,0.054736,509,58.3,14,5.2301831469762226,0.989956032546814,0,94.9,16.05000000000001
747,44.03172453467435,676.4069264069263,24.976,63.2,58.513254416709096,0.03696,814,50.55,9,3.502095958269007,0.9797548557211264,0.00427205527063895,128.8,14.350000000000025
748,56.82097123342417,166.62223407091437,63.56,88.3,28.824411127985368,0.06001600000000001,2936,75.78333333333333,1,1,0,1,191.7,2.4500000000000455
749,102.9373489714356,410.7338444687843,47.858333333333334,106.5,64.05275737514289,0.058432,2832,88.03333333333333,3,1.7935791486030792,0.00300488992005274,0.9969951100799472,194.4,2.8500000000000227
750,22.53976704221992,587.1212121212122,17.141935483870967,67.3,82.79940394389736,0.0528,1044,44.7,11,3.3388315674142417,0.6873116940098115,0.3126883059901885,162.10000000000002,11.450000000000044
751,47.34541197878473,1163.0567419158017,18.152459016393443,70.5,76.32193887416227,0.052448,805,56.78,19,3.654592223828081,0.9580012723179956,0.03399663977555006,157.10000000000002,12.850000000000025
752,62.57309913740143,1031.6985645933032,18.78550724637681,172,109.8059810790566,0.06688000000000001,2620,58.64285714285714,8,1.3138120294221425,0.03895782589100666,0.954155064970703,192.3,5.550000000000011
753,41.067730670326824,607.6810889645112,19.1875,144.6,117.11108585462138,0.06582400000000001,1764,49.67142857142857,8,2.1849198944665615,0.12076937285260068,0.8792306271473993,193.7,9.350000000000025
754,48.990174102453054,471.91180912111145,28.604,87.5,80.07103939276928,0.05297600000000001,1465,62.86666666666667,4,1.4796971336215097,0.8070647706309969,0.1671570939949551,210.7,10.850000000000025
755,51.22390603144284,229.3901750423489,46.65384615384615,118.7,57.60147166681527,0.05667200000000001,2686,67.06666666666666,2,1.0341917939847545,0.02008233287908816,0.979917667120912,204.5,3.3500000000000227
756,25.241022225510253,811.688311688312,17.08529411764706,51.3,60.595719505428136,0.04188800000000001,870,34.379999999999995,14,7.351977304031146,1,0,151.20000000000002,14.650000000000034
757,35.662819530346624,1122.547665100855,17.533846153846156,64.5,56.62709587659249,0.05790400000000001,1736,40.66666666666667,10,3.5183784428382854,0.5886862318696009,0.41131376813039905,209.5,8.450000000000045
758,7.874730874375888,425.285792052259,14.14,29,43.19795772015686,0.058784,986,23.116666666666667,6,3.1602090501657853,1,0,145.9,12.350000000000025
759,38.32752113629509,885.9784283513104,19.643478260869564,52.8,66.1021137548508,0.05192000000000001,1766,44.72,13,5.1295881378616945,0.5539503375103075,0.3894027437879632,179.5,9.850000000000025
760,39.22986129750003,478.08178876140073,18.626923076923077,126,144.6260186405335,0.054384,1620,64.02,7,2.400488190103765,0.6932661780298632,0.3067338219701368,206.7,9.150000000000034
761,9.542738227095636,907.037239868564,11.071698113207548,23,30.749964102044363,0.058432,779,18.866666666666667,13,6.276888281266226,0.8568437602154388,0,214.4,14.050000000000011
762,32.88126206385149,640.4958677685952,19.3,79,88.31534908576235,0.0484,2512,48,3,1.6753691780489748,0.18735006666335124,0.8126499333366488,214.1,4.050000000000011
763,36.01382957710401,587.7742946708464,23.16,84.2,68.56356111097028,0.05104,1480,49.5,5,2.57347688212074,1,0,196.8,9.550000000000011
764,28.114026382176792,378.7878787878787,26.955,56.5,56.255426706636314,0.0528,1250,47.64,11,4.938086147043622,0.3771598651454224,0.6195381152318015,156,11.650000000000034
765,20.82143582129535,1111.6600790513844,13.94126984126984,33,48.02707673085432,0.05667200000000001,553,27.257142857142856,17,9.180987520754709,0.9300929775226354,0.06990702247736452,152.20000000000002,15.450000000000044
766,60.56191380753283,953.1997607655508,22.03921568627451,87.2,82.38728621287493,0.05350399999999999,1342,67.52,7,2.3137838476634625,0.20760271845999936,0.7923972815400007,193.2,11.050000000000011
767,24.186606910721025,629.5643414756983,17.0775,87.3,83.34324569010711,0.06353600000000001,606,42.68333333333333,14,3.546364029368665,0.9485962146864384,0,207.3,15.350000000000025
768,41.98887681174099,969.2513368983964,19,52.1,73.29272070999436,0.05984000000000001,881,48.1,14,4.47108047812066,0.6493615046811019,0.3436057384725444,172.4,14.950000000000044
769,42.15412528895454,1051.5053128689492,15.51578947368421,96.7,106.7836059014208,0.054208,507,58.64,15,4.5252934581419515,0.725760623236405,0.24902006597704995,161.9,14.250000000000057
770,14.407996484604451,363.4833180287725,17.205263157894738,66.1,86.26082134546506,0.052272,573,37.04,7,2.610829354158556,0.9132413459760166,0,184.5,14.750000000000057
771,18.818554014868027,1388.8888888888869,12.057954545454546,24.4,43.43753193811096,0.06336,1968,23.15,14,4.5810997713599075,0.4636296453661186,0.5363703546338814,205.9,7.750000000000057
772,106.5261259357721,365.3902367728734,50.345,132.4,69.92661090963564,0.054736,2787,102.1,1,1,0,1,220.8,3.5500000000000114
773,28.23619056986442,2757.0789865871884,10.830405405405406,27.6,33.5311863880348,0.05368,2225,24.22,14,6.272940049079254,0.5841567719313577,0.4158432280686423,231,7.050000000000011
774,28.44116342121018,1147.11786636077,14.3203125,55.9,74.02273660696764,0.05579200000000001,983,42.75,15,3.6221286789333824,0.9134530456262856,0.04515500241252009,212.9,14.550000000000011
775,53.14269907671025,1155.6240369799702,20.488333333333333,61.2,63.366441035315106,0.05192000000000001,974,48.16,14,2.401973806827082,0.6734945315213249,0.261585147145061,224.8,13.750000000000057
776,50.13086402223315,718.3908045977006,22.086363636363636,100.3,91.679095315707,0.061248,1259,64.93333333333334,12,2.942214435390668,0.9966057319447136,0,203.2,11.650000000000034
777,21.969933658522027,967.4447174447168,15.21111111111111,43,50.367026353542535,0.06512000000000001,1726,31.571428571428573,13,3.314307178663085,0.6340150974656913,0.29367709232372147,192.1,9.450000000000044
778,28.15835453487423,1059.322033898306,15.365454545454543,52.3,66.4477751534317,0.05192000000000001,1677,40.82,12,3.9573592229666135,0.6472085508807346,0.3427413629052905,208.6,9.050000000000011
779,22.495379845511454,497.3982246709517,17.611538461538462,66.6,94.38236108347276,0.052272,1547,47.64,8,2.5089764080251524,0.5192904767118773,0.4546006359489747,242,9.650000000000034
780,39.37779616544661,663.6881636881632,23.053658536585367,77,65.72212675319736,0.06177600000000001,1427,50.583333333333336,12,5.039098851305125,0.36355497924799934,0.6364450207520007,258.5,12.050000000000011
781,21.220159224868016,860.2752880921892,13.872093023255816,72.3,80.44337624050553,0.049984,225,36.9,4,2.794316432562312,0.7932063214836798,0,243.4,16.750000000000057
782,20.892379519528543,984.848484848486,14.567307692307692,36.2,52.742625483458625,0.0528,1838,31.48,10,3.846065083560844,0.7736300804923585,0.0315694699467958,244.6,9.350000000000025
783,17.54046216324279,1126.2775685852614,12.755223880597017,35.8,47.12821734659746,0.059488,1222,25.683333333333337,20,6.410510952888699,0.522102809904123,0.4096621680723843,207.3,12.650000000000034
784,19.26514620397411,1008.3772882407702,13.848076923076922,34.2,52.319673622291695,0.05156800000000001,591,30.82,4,2.4864988794278537,1,0,189,16.350000000000023
785,64.38058147074308,1381.5379825653786,19,76.6,80.79541258081228,0.05139200000000001,1637,62.58,15,4.779057956001668,0.3093238916577205,0.5886807553746758,226.5,11.350000000000025
786,29.06554640710906,1002.6737967914446,16.441666666666666,57.7,60.95251119301375,0.05984000000000001,1432,37.21666666666667,12,4.408077318482388,0.4395287286589333,0.5604712713410667,264.6,11.750000000000057
787,75.15802274784933,1155.303030303032,25.80983606557377,56.5,49.747414685624555,0.0528,2347,45.55714285714286,7,2.1042478401353852,0.8597147679423462,0.0814342196707334,256.40000000000003,6.650000000000034
788,72.57929097476728,1192.2503725782428,18.1046875,154,117.74322593742166,0.05368,1508,72.56,15,3.111229799298143,0.8750729333235094,0.12163511035085652,241.1,10.250000000000057
789,30.731070202607345,1679.8418972332045,13.979411764705882,32.8,44.02328180333617,0.06072,1413,30.55,9,3.9623485326570234,0.7568705658826462,0.14671311050174163,234.7,11.950000000000044
790,15.701139977453169,476.539589442815,15.546153846153846,65.2,87.47675861360571,0.05456,546,38.72,9,3.0042170851788734,0.8335501875021905,0.1388041916377528,218.4,15.650000000000034
791,11.00462097095464,757.5757575757572,12.170454545454543,36,50.44271385557772,0.05808000000000001,1467,23.17142857142857,14,3.3208601260936623,0.47087110081261013,0.5291288991873898,254.4,9.750000000000057
792,36.38880702978165,879.0737564322475,16.12439024390244,88.2,102.60747515467254,0.04664,1616,51.64,14,2.950117068637034,0.8829745042033085,0.09174125778397964,261.2,10.650000000000034
793,8.355672329735441,698.734922035893,11.23421052631579,27.1,46.04192299653989,0.054384,870,22.84,9,3.4309224930067703,0.7731078243802437,0.01863710356114277,249,15.050000000000011
794,78.09500868424637,988.1422924901194,20.860714285714284,143,115.59505573203325,0.05667200000000001,1536,67.41666666666667,11,2.0029290311659884,0.9827399405688672,0.01123565316835912,260,9.950000000000044
795,25.761892955162345,679.5530051344,18.158333333333335,57.2,69.0766497494217,0.05297600000000001,1051,43.34,13,6.0814550179740365,0.7833232240958012,0.2166767759041989,256.8,12.650000000000034
796,49.07181082823038,714.9307645996388,24.16842105263158,72.7,71.38505027939941,0.053152,577,59.42,17,7.080779379682897,0.6707412758896328,0.32925872411036705,263.2,15.250000000000057
797,42.05219885754404,662.6027034190296,20.4275,102.7,98.00521583795351,0.060368,2371,58.333333333333336,11,2.9613862364019106,0.5647717570526646,0.4139960831153898,267.8,5.350000000000023
798,85.60688285842367,768.8268826882687,24.558536585365857,155.2,117.6605835789378,0.05332800000000001,1680,86.06,11,3.3322445530588047,0.5818621026099065,0.3777883230080068,275.90000000000003,10.650000000000034
799,37.97394870038936,779.8573975044557,20.057142857142857,65.1,74.45402513677753,0.05385600000000001,1670,53.94,11,3.8276437790057134,0.478927948780437,0.5210720512195631,299.90000000000003,9.750000000000057
800,58.3229854904896,1106.8476977567886,21.341666666666665,61.3,69.3560289439,0.054208,1148,56.92,16,6.472873664182182,0.4641385260268832,0.49928395436154344,278.7,13.550000000000011
801,11.181887436788738,686.1063464837051,12.1,39.5,65.63273344549165,0.04664,333,24.116666666666667,7,3.057556473833995,1,0,249.3,17.250000000000057
802,67.39318600297631,475.1346214760846,27.379166666666663,159.4,121.26199442706312,0.050512,2299,75.2,9,2.5430450398311377,0.85196983146626315,0.14803016853373685,264.5,6.050000000000011
803,15.80363041583876,1974.0455918703617,9.685217391304349,21.9,29.56578349343346,0.05825600000000001,2020,18.733333333333334,12,4.020088564807262,0.6443632508791832,0.2503938086432438,287.5,8.150000000000034
804,36.59344013757414,373.1343283582089,26.431818181818183,87.5,90.81717371861669,0.05896,887,60.31666666666667,12,3.952903051911045,0.9140339099723108,0,282.3,13.150000000000034
805,20.37245292852489,903.9256198347108,13.56734693877551,51.5,75.5374093416209,0.054208,875,40.42,14,3.002657269141146,0.8303406309114563,0.03031200900582212,268.5,14.350000000000025
806,26.123893593383368,1073.4379626887787,14.74655172413793,54.8,65.75511534973276,0.054032,548,40.62,17,4.857637558397543,0.9627743964000348,0,214.9,16.350000000000023
807,44.68932964324903,675.5820399113085,23.369230769230768,90,74.59835728732985,0.05772799999999999,1019,54.8,10,2.164152568494823,0.8814407499117255,0.11855925008827448,270.5,11.950000000000044
808,40.6994225959412,512.0243128964057,23.68064516129032,76,91.19159877194102,0.06054400000000001,1212,60.75,9,2.596744483995717,0.26008781660007835,0.7399121833999216,283.40000000000003,11.950000000000044
809,33.01151596936832,1150.0961274375172,15.75373134328358,50.1,69.26221394682536,0.05825600000000001,1309,43.31666666666667,18,5.675982569015777,0.28592717950013236,0.6392350782040228,275,12.850000000000025
810,39.584968071423184,984.3879524730576,17.621052631578948,70,81.27421302031765,0.05790400000000001,926,52.266666666666666,17,4.523976515986334,0.5032895317358635,0.4757873522446111,276.5,12.850000000000025
811,16.200144601091328,488.5639837869136,16.103703703703705,55.4,80.75643293205924,0.055264,420,36.333333333333336,11,2.709755869724939,0.38984563774704034,0.6101543622529596,218.5,16.55000000000001
812,30.14567492049994,706.0247444862829,16.461904761904762,84.3,101.52096663053132,0.059488,213,47.4,16,4.970404597028043,1,0,222.5,17.650000000000034
813,33.924261787682326,785.5890090616778,22.59767441860465,35.5,28.0238466701226,0.054736,1645,32.36,4,1.147524185594345,1,0,278,10.050000000000011
814,19.288543614506768,494.93189737092143,19.228,44.7,59.698375568297394,0.050512,1020,36.92,8,4.069273936764663,1,0,268.90000000000003,13.450000000000044
815,1.061067717437611,94.0698374473209,11.68,15.1,25.673513443823715,0.053152,440,11.68,2,1.5475351049871044,0.22964015151515152,0.7703598484848484,214.9,16.850000000000023
816,28.61446580353825,1210.2067607482777,15.727118644067795,36.1,46.99746450938827,0.048752,920,32.64,13,4.878333807263755,0.8763552825105103,0.12364471748948969,226.6,14.650000000000034
817,41.82641363901899,1295.85326953748,17.804615384615385,40.2,54.866508905567066,0.05016,1655,37.72,14,3.1239840751975056,0.5843446149415092,0.41565538505849065,256.6,10.250000000000057
818,20.074824145285724,732.0133853876185,14.723809523809525,62.1,79.0916427109867,0.05737600000000001,695,38.233333333333334,8,5.951223480679764,0.7232947939099692,0.1426270659231512,242.3,15.450000000000044
819,4.770040739509187,593.0517294153657,9.706451612903226,18.9,29.97862651449929,0.052272,196,14.96,9,3.2750189696031446,0.9667330853345972,0.03326691466540257,163,17.250000000000057
820,42.51176313137819,385.2080123266565,29.82,89.5,78.14881798662925,0.05192000000000001,265,65.1,6,3.1776135567973616,1,0,189.2,16.950000000000045
821,11.947525211095206,425.01789549033623,16.157894736842106,39.3,62.57187779306269,0.044704,795,33.7,6,2.530419905645255,1,0,201.2,15.450000000000044
822,30.773229185955792,809.1196777905642,19.273333333333333,59,55.725945148066,0.055616,1122,39.93333333333333,11,2.461518214093105,0.30095402558291223,0.6990459744170877,245.6,13.150000000000034
823,14.701055736477784,715.93955642213,14.742553191489362,45,45.53368841353157,0.065648,884,27.1,11,5.295747184489781,0.51328261304807965,0.4867173869519203,204.8,16.350000000000023
824,4.350665731423408,195.9247648902821,14.39,37.7,63.716762794230874,0.05104,1374,20.18,4,1.7748400513838158,1,0,205.8,15.050000000000011
825,7.787387558931166,374.6253746253745,14.644444444444444,30.3,49.78919098618235,0.04804800000000001,899,24.46,8,3.4686424118369956,1,0,204.4,14.550000000000011
826,13.941819183676383,198.78081102570903,26.141666666666666,50.5,57.846642563406206,0.060368,2039,38.96666666666667,3,2.108556214105356,0.5422460401618645,0.4577539598381355,203.3,8.650000000000034
827,68.26944955124516,2407.550077041605,16.9608,59.3,50.70785872368228,0.05192000000000001,2019,49.84,4,2.875191852953319,0.17844177019801005,0.8215582298019899,191.7,8.650000000000034
828,95.84804782818738,1079.7224582271303,22.75409836065574,145.1,109.67036368137605,0.056496,2268,82.9,9,3.084663984465893,0.4188743850390602,0.5404504800117695,209.5,6.150000000000034
829,238.479799492508,121.92742879438156,148.79,245.6,37.25246334208103,0.082016,2692,168.3875,2,1.6629447072008785,0.7251032033857092,0.27489679661429084,238.3,4.350000000000023
830,5.186777549956939,225.88268001112033,15.246153846153844,30,52.84507435082346,0.05755200000000001,2658,22.75,2,1.8075309561360815,0,1,264,3.8500000000000223
831,19.081526860028205,749.8000533191152,16.164444444444445,39.1,49.553542938433864,0.06001600000000001,994,30.916666666666668,13,5.260693589335427,0.4196539616182699,0.5271595843883392,248.7,14.650000000000034
832,19.712157528071177,800.8945841392639,16.40188679245283,32.3,40.99403381701593,0.06617600000000001,1357,28.82857142857143,8,3.012414217767778,0.5450607505552362,0.4137566413063723,228,12.250000000000057
833,37.8874464456668,781.7735090462367,20.380357142857143,67,70.315412437496,0.07163200000000002,2473,51.57142857142857,9,2.794778158818352,0.6479582249411588,0.2518563410613378,253.9,6.550000000000011
834,14.819813094830415,503.2467532467532,16.39032258064516,44,63.94574910061935,0.0616,2204,34.333333333333336,4,1.6361736805534288,1,0,261.90000000000003,6.9500000000000455
835,20.72377674712852,710.227272727273,18.31111111111111,33.3,33.23961787657191,0.06336,1535,29.816666666666663,3,2.1901346467133207,0.1987149471542588,0.8012850528457411,194.3,12.250000000000057
836,57.098815462230554,1365.24253132027,20.083823529411763,62,57.005554743613665,0.049808,1603,52.64,6,2.6127571403467895,0.27452116877211086,0.7254788312278891,157.60000000000002,11.850000000000025
837,20.777435838992563,614.2506142506139,19.0625,41.3,43.58474836022777,0.06512000000000001,1570,32.72857142857143,4,1.3385211755890338,0.0888698595611895,0.9111301404388104,180,10.250000000000057
838,83.89023451298007,921.7843326885863,23.559016393442626,114.7,105.16065102646756,0.06617600000000001,2276,83.8,14,2.328681276911892,0.15727117266315674,0.8375009697145496,212.2,6.550000000000011
839,30.246069613998063,1478.8293897882943,14.416842105263155,35.7,50.55719154955553,0.06424,2453,33.75,12,3.691491908602859,0.5624196569884898,0.43758034301151016,250,4.9500000000000455
840,15.74290095798857,670.5251270468666,14.860526315789471,39.5,60.26809185889138,0.05667200000000001,982,33.36666666666667,5,2.8055889635678906,1,0,257,13.950000000000044
841,25.53152658545172,728.8196097096622,18.487755102040815,48.6,55.79581529007839,0.067232,1558,37.24285714285714,13,6.998691174690474,0.4744033206502938,0.5255966793497062,240.5,10.350000000000025
842,21.81898051182327,295.159386068477,26.36875,61.7,61.41945814067875,0.054208,2420,46.88,3,1.687117421682268,0.00587786336880428,0.9941221366311958,269.5,7.250000000000057
843,19.01313978558387,389.1656288916564,23.55,35.9,35.78075748626019,0.05139200000000001,1493,33.48,4,1.2131549981762308,0.17272788829256344,0.8272721117074366,240.6,10.550000000000011
844,11.40579541295337,435.6665698518733,13.5375,52.8,92.43838728425298,0.05508800000000001,1524,28.53333333333333,5,2.048816578684841,0.2149784100340835,0.7850215899659164,186.3,11.450000000000044
845,65.41305812006985,659.216474133601,26.373809523809523,133.5,91.44759893929844,0.06371200000000002,2141,72.03333333333333,14,5.596478179918224,0.7619855097651335,0.2246810368842969,184,7.350000000000023
846,78.1629010516857,203.40637882404,53.8,120.5,86.00474958695551,0.073744,2753,99.2,3,1.0134891313433,0.00510409996404149,0.9931612023783296,207.4,3.4500000000000455
847,33.157081609687374,526.4304385710135,24.893103448275863,62,55.1963541705928,0.05508800000000001,1285,46.06666666666666,8,2.511460548246726,0.09298165812217206,0.907018341877828,266.90000000000003,14.350000000000025
848,66.88985979334838,1012.073863636365,22.612280701754383,75.7,81.07421480542398,0.05632,2952,60.233333333333334,8,3.240446268097118,0.03293309170613399,0.9251406973321228,267.8,1.150000000000034
849,71.4514623457796,431.53049482163385,31.086666666666662,135.5,110.55648757649531,0.06952,2749,86.89999999999999,5,1.883935385983928,0.6995805110456667,0.28686326295030024,292.5,3.250000000000057
850,39.87450224114313,780.1899592944375,22.754347826086956,55.6,51.23831420778991,0.05896,2438,44.03333333333333,5,2.1077354119390304,0.00450479724710489,0.9719651231950168,274.40000000000003,6.050000000000011
851,33.199945498413896,367.4807779285389,31.54615384615385,53.6,40.26603388508327,0.07075200000000001,2306,48.48571428571429,4,1.4688515921735736,0,1,240.3,6.250000000000057
852,67.5066847751409,921.3759213759208,27.74,58.1,46.463948532493205,0.06512000000000001,2052,49.114285714285714,7,1.578325048945182,0.09410219528551626,0.8950009373931649,214.3,7.750000000000057
853,4.017569630598303,302.6634382566586,12.040909090909093,20.2,41.6669636399392,0.072688,2736,18.82857142857143,4,2.466874261201246,0,1,220,3.8500000000000223
854,43.31579358515743,1104.2402826855116,21.48,41.2,28.985946369429502,0.049808,1378,33.56,2,1.8634059580185784,0,1,276,12.950000000000044
855,47.05218359093018,610.583446404342,25.858333333333334,63,69.33526937650792,0.05896,1744,56.13333333333333,5,1.6836730508928248,0.7138513787260127,0.2741171851543917,244.8,9.950000000000044
856,41.769425704542776,1630.8922558922577,16.247311827956988,48.4,48.772970386805106,0.057024,3167,36.75,7,2.5621083458757585,0.0448043599116513,0.8894234793863669,260.40000000000003,1.650000000000034
857,41.04119432566878,964.0630127994758,21.41063829787234,41.3,43.17037220591893,0.048752,3438,35.22,2,1.198808811265449,0.21896875320202835,0.7810312467979716,289.6,-0.5499999999999545
858,10.953201106834683,1016.472060050041,11.28205128205128,18.4,28.27593723604529,0.038368,3195,17.725,1,1,0,1,290.6,1.3500000000000227
859,44.1665020908586,919.339281408248,22.554098360655736,60.5,45.37074586653045,0.06635200000000001,2780,42.25714285714286,4,1.620945648268065,0.01417607497787954,0.9858239250221204,273.6,3.750000000000057
860,35.77717689910628,341.62830840046024,26.847368421052632,82.3,94.7187680341652,0.055616,1955,59.266666666666666,5,2.0426118953650443,1,0,250.8,7.550000000000011
861,19.48114089083929,512.0243128964057,16.441935483870967,73.4,90.463115304946,0.06054400000000001,1689,40.71666666666667,8,2.7526503772331843,0.948741360013158,0.05125863998684196,276.90000000000003,11.850000000000025
862,35.385142745947114,950.074515648287,18.07843137254902,59.5,67.82088000167889,0.05368,2372,46.7,8,3.47131841654086,0.2042552033319188,0.7957447966680813,242,8.450000000000045
863,38.824483222261065,531.39306736429,20.474358974358974,99.5,111.85679497430428,0.07339200000000001,2829,55.3,5,1.3397246752291978,0.01620328920636598,0.8835755550291101,255,2.3500000000000227
864,39.22461480412808,713.1026867868977,22.061290322580646,61.1,67.35081287836651,0.043472,2491,52.525,5,2.508502735474875,0.32685570943731806,0.673144290562682,266.90000000000003,4.350000000000023
865,37.40930702338505,1561.7563065207066,15.468571428571428,55.5,52.65423628638655,0.067232,3183,36.81428571428572,3,1.317861291024595,0.00719638910019074,0.8027451504188663,287.2,0.1500000000000341
866,56.627012033660456,1117.2114402451473,21.082857142857144,75.4,67.70957201160903,0.062656,2827,53.84285714285714,6,2.0406693314393514,0.00677953380751322,0.9716274633816392,291.7,4.150000000000034
867,19.819073615322143,887.7840909090919,15.074,36.4,50.60034615167341,0.05632,3027,30.6,6,1.9201937154478033,0.01740639434586528,0.9825936056541348,285.5,2.9500000000000455
868,12.611580754539826,201.813214108296,24.107692307692307,46.5,63.22992225670576,0.06441600000000001,1634,39.45,2,1.1810643474435922,0.922493491325823,0.07750650867417692,272.6,10.250000000000057
869,25.449755599341152,537.0872908186337,20.36315789473684,81.1,68.35804164151801,0.07075200000000001,1817,40.15,5,2.8228643531484052,0.01449133048075971,0.9855086695192402,235.1,10.250000000000057
870,58.63956524005328,819.000819000818,28.48125,56.5,35.56105969363417,0.05860800000000001,2278,45.766666666666666,2,1.9707727458848388,0,1,244.1,8.450000000000045
871,40.78217606210366,1507.421150278296,15.14102564102564,75.5,71.35117426690569,0.051744,2277,48.8,3,1.249437857920738,0,0.9747925020783632,255.6,6.350000000000023
872,41.520558910161434,1027.96052631579,20.669090909090908,39.9,45.56023020837029,0.05350399999999999,3080,37.62,4,1.048222164247573,0.01008697837407681,0.9899130216259232,271,2.4500000000000455
873,30.40436382324657,639.2045454545457,18.233333333333334,93,91.93285537744224,0.05632,2446,48.18333333333334,7,2.2891039409828573,0.3285352590486168,0.6410434283718726,281.90000000000003,4.250000000000057
874,117.3474547425486,461.7732091230326,32.93043478260869,220,144.0105525540143,0.049808,2393,95.28,8,2.116303148451787,0.8875539939945166,0.1124460060054833,283,5.150000000000034
875,2.6972043283562246,288.9060092449922,10.486666666666666,18.9,29.44437087459316,0.05192000000000001,2847,13.5,1,1,0,1,296.1,4.150000000000034
876,32.67955753552442,785.123966942149,19.944736842105264,59,58.4164097644468,0.0484,2073,42.260000000000005,7,3.0166942680056485,0.08954746084659249,0.4897358331739572,280.2,9.350000000000025
877,51.07241491211463,869.4597217728895,17.781395348837208,105.2,118.23576497290642,0.04945600000000001,2904,67.36,3,1.1071478459544375,0,0.9903856626124012,249.5,3.0500000000000114
878,47.36770287953917,1515.1515151515125,15.692708333333334,66.1,78.92131009177474,0.06336,2741,55.1,7,1.640312177025937,0.00237718600606532,0.9736232088206762,270,4.250000000000057
879,70.65264936670543,383.2972582972582,36.92941176470588,104.1,87.51951417718509,0.044352,2520,85.75,6,1.2064611651468422,0.02367685822349258,0.9763231417765076,271.3,4.350000000000023
880,61.62362148705453,425.60435818862777,37.785,87.2,55.3701600833048,0.046992,2655,63.760000000000005,3,1.093525341150972,0.00879408974294198,0.991205910257058,278.6,3.8500000000000223
881,140.61351649693194,1726.8270944741553,18.391129032258064,160,144.29417350903728,0.07180800000000001,2186,115.7,18,2.83523274392435,0.5333485140826927,0.4405535498774829,273.2,6.750000000000057
882,34.44980000087212,531.1614730878189,24.05757575757576,67,66.34373580018142,0.06212799999999999,2444,51.56666666666666,6,3.438171641622881,0.4953979558527522,0.4789279033837569,258.90000000000003,5.750000000000057
883,30.88074566409594,1042.9638854296377,17.629850746268655,47.3,46.49126666338505,0.06424,2772,33.916666666666664,4,1.041202780310812,0.02916069120473174,0.9335340738973472,245.7,2.150000000000034
884,87.5443970503595,2115.98746081505,19.637962962962963,69.5,60.77522691689749,0.05104,3555,54.7,1,1,1,0,272.6,-1.5499999999999543
885,15.77645024878878,1186.802753382388,12.0325,34.5,41.37379307997617,0.06740800000000001,3223,23.02857142857143,7,2.9209090153099915,0.2111614758676912,0.6895050498950771,303.5,1.0500000000000114
886,44.932308128018846,715.1938970120788,19.433333333333337,96.5,107.24111686900868,0.050336,1974,62.7,11,2.6978345897844505,0.4601155829655186,0.5398844170344815,247.7,8.750000000000057
887,9.026290767605774,1370.3208556149748,8.776829268292683,17.4,29.971602476039017,0.05984000000000001,767,14.985714285714286,19,7.995920795364817,0.6210135382202507,0.37898646177974926,151.9,14.950000000000044
888,30.11137591802647,967.5559947299068,16.095744680851062,63.4,73.55172420852998,0.04857600000000001,1386,43.76,13,4.004957838600548,0.20409208823144925,0.7907023136915012,177.60000000000002,12.450000000000044
889,32.95224368800097,1830.6161923183172,13.230188679245282,44.8,55.8861853080472,0.05790400000000001,1463,34.733333333333334,24,11.05087395885633,0.655965304986216,0.33772688770257514,171.4,12.150000000000034
890,13.420272599865775,804.5052292839905,12.9875,32.3,51.4495156583316,0.059664,1031,26.883333333333333,19,10.880292895162338,0.8723280400465692,0.12767195995343084,154.5,14.950000000000044
891,109.93731467929923,656.2099871959027,30.59024390243902,156,114.52182288149682,0.06248000000000001,2065,99.18333333333334,8,2.2805294057511203,0.3487130687351279,0.6512869312648721,173.20000000000002,9.350000000000025
892,105.6533689621055,712.2507122507117,30.331818181818186,128,103.7962515822474,0.06177600000000001,2218,99.95,15,2.8101388950196977,0.05860150444913311,0.941398495550867,176.20000000000002,6.850000000000023
893,22.679229169486625,497.5603492552641,20.296774193548387,49.1,64.99158943170542,0.062304,2045,42.21666666666667,9,2.327149851347471,0.3118811256565189,0.6116581964181241,166.4,7.950000000000045
894,29.36231636015825,725.8710452543055,16.55862068965517,66.2,95.3830107706303,0.039952,2621,53.35,4,1.347981024156318,0.06135862477409739,0.8927550327411146,167.8,4.050000000000011
895,24.58964480640633,495.33799533799544,22.988235294117647,44.6,45.64027858788806,0.03432,1026,36.8,5,1.0635267327350906,1,0,165.3,14.450000000000044
896,20.362747745941252,733.1378299120228,15.7375,45,66.1041615646065,0.06547200000000002,1409,36.885714285714286,15,5.879828211692474,0.5638182704276687,0.37659317110192847,185,12.150000000000034
897,26.7732983508272,396.0516695101144,23.119230769230768,82.2,79.67041053930693,0.065648,1306,47.25714285714286,10,4.983979927205223,1,0,175.4,13.050000000000011
898,28.44305365822245,645.6611570247934,19.277142857142856,57,72.41227369525761,0.054208,1172,46.84,16,4.496920352856798,0.8306554180716355,0.16934458192836443,173.70000000000002,13.350000000000025
899,53.25151405688541,1204.206241519676,16.856338028169013,88.6,99.78061244781424,0.05896,1628,64.41666666666667,18,7.540346406007865,0.5805343459915612,0.3955713080168775,162.9,11.050000000000011
900,21.699079953378305,890.9359870898331,15.166037735849056,49.8,59.57484747815184,0.059488,1754,34.86666666666667,4,2.4659697722174383,0.2875288877919629,0.712471112208037,145.8,10.650000000000034
901,29.132346054347668,1144.3944747831667,15.60877192982456,47.3,57.98872263985131,0.049808,2040,38.64,13,4.843209539888794,0.5204625552688602,0.30412833171945036,159.10000000000002,8.450000000000045
902,11.23128458966446,850.5715841045177,12.236,21.9,35.41624174829824,0.058784,724,20.085714285714285,12,6.8337657758368895,0.6585656332576579,0.23849975808552576,160.9,16.05000000000001
903,30.043049885169616,781.6257816257809,18.56346153846154,74.3,65.45216820042114,0.066528,1149,42.98571428571429,18,4.338681253933834,0.3927048168766288,0.6072951831233712,179,13.050000000000011
904,29.01127182118883,798.525798525798,18.865384615384617,59,55.28269438184221,0.06512000000000001,1430,36.3,14,4.59593790696893,0.6609716785934637,0.33902832140653616,201.1,12.450000000000044
905,20.91059571159661,654.7820209530247,16.38064516129032,50.9,72.97572949539625,0.047344,1621,38.44,7,2.089352847260672,0.8324309102035732,0.12270499482808116,220.5,11.250000000000057
906,44.43435650370288,949.7467342042128,22.57894736842105,44.7,41.40871158043105,0.06001600000000001,2214,39.28333333333333,4,1.092910082425848,0.11661586740490912,0.883384132595091,215.8,8.050000000000011
907,54.471017233158726,834.0283569641374,20.81458333333333,99.1,96.89860476769304,0.05755200000000001,1403,66.68333333333334,16,5.516682868753388,0.5124477110484895,0.48755228895151054,179.9,11.550000000000011
908,7.378555833545516,273.6286376513006,14.176470588235292,55.6,86.75543092526043,0.06212799999999999,1769,24.616666666666667,8,3.0472622048421174,0.3633725793439827,0.5746300007063543,147.20000000000002,9.450000000000044
909,56.063856743142935,901.2539184952972,21,111,90.20494009161148,0.05104,1785,66.44,16,4.90119508235548,0.25398160733362823,0.7440038282304794,159,8.750000000000057
910,32.48897300552175,1600.5121638924477,14.725,31.3,44.03863258780398,0.06248000000000001,1220,28.6,8,2.2378671346253567,0.8222525012132906,0.10174797242869932,192.3,11.750000000000057
911,8.447671245669914,804.1958041958037,10.94782608695652,22.6,34.42190471371709,0.0572,1664,17.766666666666666,9,2.639612681297473,0.8260091571869331,0,178.3,11.650000000000034
912,21.47815629646678,559.9472990777334,19.91176470588235,42.9,48.86972496172738,0.06072,2255,33.46666666666667,7,1.522383551152828,0.9909574969030044,0.00904250309699572,209.2,8.850000000000023
913,24.527294622127812,576.6621438263229,18.373529411764707,68.3,78.89795126003342,0.05896,2152,43.18333333333333,5,1.3260143216903328,0.9391559592058064,0.06084404079419343,248.9,6.4500000000000455
914,47.582706095799686,2687.346437346435,13.648,42.1,45.9914492802814,0.06512000000000001,2622,32.22857142857143,4,2.3964630814933283,0.4024112365522865,0.5242160898510952,246.7,4.550000000000011
915,58.72304938565182,798.1149285497119,28.042857142857144,72,44.264102306778966,0.052624,1894,51.7,5,1.4511772919437624,0.07028416799317586,0.9297158320068242,178.60000000000002,10.450000000000044
916,39.353889744320306,1957.0707070707012,14.975,30.9,37.79773577893979,0.06336,1490,28.766666666666666,8,1.2549823490417984,1,0,237.2,12.150000000000034
917,14.260881823087727,358.03237858032384,18.082608695652173,60.1,75.89771478282148,0.06424,714,37.35,10,5.48283199802877,0.9083651701521542,0.09163482984784574,203.1,15.450000000000044
918,21.769011127292792,1026.6213537241567,14.446551724137931,39,54.66091550130646,0.056496,1486,33.416666666666664,13,4.386124438196829,0.4996597522334669,0.500340247766533,216.8,11.950000000000044
919,35.43918310188841,789.5714639583854,19.680392156862744,68.5,69.64158133821353,0.06459200000000001,1759,50.03333333333333,17,4.406658499472493,0.35711536257913007,0.6043712013320335,224.4,10.650000000000034
920,22.550052081601873,831.0719131614661,16.92448979591837,37,45.870112157663414,0.05896,2833,30.983333333333334,3,1.246379702392456,0.21483122337424607,0.785168776625754,236.5,3.150000000000034
921,46.89493929756608,299.8737373737374,37.09473684210526,93.3,68.69128877514015,0.06336,2839,67.81666666666666,2,1.0199480066996611,0.01276209271815428,0.9872379072818458,250.3,2.150000000000034
922,65.20184213499365,398.7240829346092,34.955,109.2,86.08664805058174,0.05016,2655,79.46,6,1.8064050294994056,0.12944846337811355,0.8694304571165199,245,3.8500000000000223
923,49.84251874062751,727.4300094369293,20.437837837837836,104.2,105.7737122715258,0.050864,1940,64.16,5,2.2313720626985885,0.3248634390873802,0.6751365609126199,219.2,7.950000000000045
924,30.622084872508157,343.89952153110045,24.430434782608696,118.4,96.97625817230738,0.06688000000000001,2666,47.57142857142858,6,1.3284272099167027,0.07714940598393677,0.9228505940160632,204.2,3.5500000000000114
925,37.35286133697233,1266.5353222628778,18.194444444444443,42.4,36.90814292267754,0.056848,1407,31.25,8,1.5768227167837727,0.7997046467409686,0.20029535325903144,263.8,12.650000000000034
926,30.672255370961192,831.4855875831493,16.627083333333335,66.8,84.4851922556809,0.05772799999999999,1093,45.5,12,2.5583248763218727,0.8562272494312713,0.12952514447930957,220.1,14.650000000000034
927,74.67706971463195,2212.9186602870795,16.096396396396397,93.3,81.50637553608935,0.05016,2101,61.7,19,4.165919882880021,0.481173868589651,0.49241846260612687,219.3,8.450000000000045
928,30.999143135518825,1002.6737967914434,18.2875,41,42.5214627193896,0.047872,2914,31.24,4,1.6558018330167512,0.01594538410658602,0.984054615893414,248.6,3.150000000000034
929,19.51507070190937,1406.390639063904,12.28,26,41.70299193532215,0.05332800000000001,3120,23.72,5,1.291718836325377,0.06219634904874023,0.9378036509512596,251.7,1.8500000000000227
930,53.0114643340089,2196.1637653127054,14.31926605504587,80.1,70.95935468247175,0.049632,2707,49.62,2,1.056686842285829,0,1,244.2,3.250000000000057
931,64.66411266938744,2349.213286713286,17.28488372093023,38.7,41.84376924318858,0.036608,2748,34.4,2,1.0537939869051247,0,1,242.9,3.4500000000000455
932,75.03978424656464,736.5319865319859,22.2,120.2,129.0779959343956,0.066528,2357,80.125,8,3.5787378780104997,0.5665675676220053,0.4334324323779948,242.3,5.550000000000011
933,6.797611187561438,368.2659932659932,13.82857142857143,31.5,49.03518756179076,0.057024,2349,22.65,5,1.704921134109064,1,0,218.9,5.850000000000023
934,19.517378944470178,909.7775336446036,13.677358490566036,61.8,68.4821213880095,0.05825600000000001,741,33.5,12,6.367282907906939,0.948352241528539,0.05164775847146088,185.6,16.150000000000034
935,33.58716198985496,426.1363636363636,21.023333333333333,111.5,114.64577466334508,0.0704,2350,54.871428571428574,9,3.343038787494793,0.6652463110078489,0.32888090870328685,248.4,5.150000000000034
936,42.37342881946784,264.2706131078224,28.142857142857142,130.6,130.34464929890248,0.05297600000000001,2354,61.16,5,1.0947269975220637,0.0332322487092416,0.9667677512907584,243.3,5.4500000000000455
937,54.13498092919124,816.0877063316077,25.44528301886793,62.5,55.70755460939092,0.064944,2232,51.766666666666666,4,1.2648011805902226,0.05196162028292974,0.9480383797170704,241.5,5.550000000000011
938,80.99772313754404,495.8677685950414,36.63333333333333,123.5,75.74045096058501,0.0484,2550,75.96000000000001,5,1.8165870838144385,0.5661413152313426,0.43385868476865747,248.4,4.350000000000023
939,14.081204016464172,968.0134680134672,11.7231884057971,48.6,59.393787566242054,0.07128000000000001,2422,26.8125,13,7.464059176096627,0.3082501690515414,0.5048400931258425,240.8,6.650000000000034
940,8.500463236860167,596.4339527875436,11.086842105263155,42.4,69.94090394937159,0.06371200000000002,878,25.483333333333334,8,3.144411485456139,0.7658115360440942,0.2341884639559058,178.8,16.350000000000023
941,31.503034332202027,805.7851239669424,18.58974358974359,73.7,67.23354146697447,0.0484,1322,41.620000000000005,11,2.735195934651224,0.9288303541689796,0,177.9,12.350000000000025
942,13.68718080333475,579.1384923616325,15.34054054054054,38.3,53.517899179162306,0.063888,1058,30.133333333333333,11,3.972667605819776,0.9230881154215628,0.07691188457843723,203.4,14.650000000000034
943,37.524364303952105,1653.6635006784288,14.912820512820511,49.5,54.92915088857249,0.07075200000000001,1691,38.5,10,3.2577927219198206,0.17750179481092265,0.8224982051890773,250.4,10.750000000000057
944,23.85772088709979,866.1308203991139,17.476,40.2,38.90630846325603,0.05772799999999999,2288,28.4,6,1.680353784194578,0.5184217387004844,0.4815782612995157,237.8,6.350000000000023
945,18.287078236856264,1688.3116883116927,10.992307692307692,27.7,37.780441671853055,0.0616,2504,21.883333333333333,8,1.8727982484724115,0.8023180992343296,0.19768190076567044,243.3,4.350000000000023
946,42.66019784606703,568.1818181818184,22.48055555555555,91,95.76452591750387,0.06336,2719,59.214285714285715,3,1.890128940669929,0.2464637357929284,0.7535362642070716,257.3,3.150000000000034
947,20.660481160492008,672.8468899521536,16.177777777777777,50.9,71.06596947971512,0.06688000000000001,1335,40.128571428571426,14,4.825385190448137,0.9672781921969454,0.03272180780305451,231.8,13.350000000000025
948,20.053473776435844,1403.3406352683437,12.62560975609756,30.4,37.832502398692434,0.058432,838,24.933333333333337,12,5.971787919649108,0.5051862420969327,0.49481375790306714,175,16.950000000000045
949,22.934773868522132,990.2597402597402,14.40655737704918,46,65.40797065869836,0.0616,1716,35.483333333333334,9,3.5077911102445083,0.8386601733136279,0.08921561676855709,199.8,8.950000000000045
950,43.89267235983883,1098.1665393430103,16.347826086956523,105.3,95.78638178491018,0.062832,2379,55.785714285714285,13,3.563753762850963,0.8211710017622806,0.16102390966977798,229.9,6.550000000000011
951,55.520566735665106,1160.3713188220231,22.155172413793103,47.6,49.53371020254648,0.049984,2424,42.26,12,1.3107520506877874,0.1310155701836608,0.8048888698449764,238.8,5.850000000000023
952,54.37622971644917,609.8286530223702,23.229268292682924,105.5,106.37542616946124,0.067232,2217,72.55714285714285,10,1.405175066320071,0.9346157077015702,0.06538429229842987,222.3,7.250000000000057
953,47.08088990439935,636.6182836771076,28.395,66.5,41.49304268651534,0.062832,2591,47.55,2,1.3406864420042437,0,1,231,4.150000000000034
954,94.3819916649817,390.5029678225552,48.07,147,59.09512108534093,0.05121600000000001,2855,84.5,2,1.798724573809428,0,1,197.5,1.7500000000000568
955,22.783516722227148,901.8759018759011,15.364,39,60.8294975014973,0.05544000000000001,1891,35.31666666666667,11,2.3383273601329004,0.1858680101605507,0.8141319898394493,181.7,8.150000000000034
956,64.91665125697565,509.40438871473367,31.319230769230767,97,82.48282709258201,0.05104,2518,73.8,7,2.110165809224082,0.4652123664001178,0.5188991441740174,195.5,3.650000000000034
957,59.3361166723932,511.5463314820227,31.117857142857144,101.5,73.80006367061586,0.054736,2200,66.5,9,1.5637522046975891,0.9138290824776416,0.08617091752235859,193.6,5.350000000000023
958,17.253326759480046,534.0054682159944,17.808,39.9,55.64022107370094,0.04681600000000001,989,33.64,10,5.358984966072321,0.8206463048931069,0,179.70000000000002,10.050000000000011
959,73.93412645195652,686.0399662257253,34.0025641025641,59.7,43.78689059693411,0.056848,1695,54.03333333333333,6,1.07098640566608,0.9650463750138027,0.02088976958900031,215,7.850000000000023
960,77.42316261763361,479.7979797979796,42.21052631578947,71.3,40.205109808507466,0.0396,1799,61.125,3,1.0067256703478156,1,0,254.1,7.150000000000034
961,113.322028851458,510.4758522727271,32.982608695652175,165,129.26280194760744,0.045056,2165,99.66,5,1.9188743041990188,0.908793040636056,0.09120695936394405,184.3,6.350000000000023
962,37.99303107102072,1040.0616332819732,17.17037037037037,52.6,76.71333192896765,0.05192000000000001,1484,50.18,19,6.530721201278316,0.6522375353519738,0.3477624646480262,171.70000000000002,11.250000000000057
963,80.03078988445004,497.1590909090908,33.857142857142854,112.5,90.39917180306183,0.05632,1519,81.05,9,1.723375858808634,0.9360298646373678,0.06397013536263219,182.4,9.750000000000057
964,42.04112901513401,981.5765629719104,20.18846153846154,50.2,58.70437549262658,0.05297600000000001,1982,42.34,4,2.0813673149103895,0.9617595226973544,0,219.1,6.550000000000011
965,26.663782253741573,1216.108452950558,13.785245901639344,51.5,69.05408784044755,0.05016,2171,38.54,9,2.3036839738567205,0.912157193644846,0,243.3,4.550000000000011
966,53.93701082281976,1151.7199017199016,22.075,50.4,47.68818223794635,0.052096,2826,43.66,2,1.0720790145146313,0,1,211,1.9500000000000457
967,55.4976977071812,325.16429353778756,40.73684210526316,108,57.157751399186175,0.058432,3134,67,2,1.938876304029924,0,1,208,0.4500000000000455
968,13.98243995922306,417.78074866310146,16.505,47.3,77.06981024487862,0.047872,2025,36.44,9,1.9250277523183783,0.2329073938571913,0.7670926061428087,192.2,6.4500000000000455
969,18.472324686231747,707.6997735360726,14.022857142857143,56.5,84.28438878822692,0.04945600000000001,1228,38.1,15,4.769685756587905,0.9627894284586264,0.03152070415011974,180.5,10.250000000000057
970,55.64407123865203,1005.7876905703,18.89298245614035,134.3,99.5395581238366,0.05667200000000001,1924,58.05,15,3.5900435691520016,0.7753788451767294,0.22462115482327064,205.5,7.350000000000023
971,38.78644234498024,900.0900090009,18.58125,81.5,77.56580520559707,0.05332800000000001,2330,53.42,11,4.006694009159527,0.2653755661089279,0.7346244338910721,235.6,4.4500000000000455
972,67.87041641786763,1109.1220423412196,20.19122807017544,92.5,96.3005949461906,0.05139200000000001,1788,74.2,15,5.652985961993823,0.6813050840098989,0.3158005180972227,240.1,6.9500000000000455
973,94.20850969952389,1574.9601275917064,22.88101265822785,69.3,67.86401442536318,0.05016,2638,60.6,6,1.4626047049964364,0.03307919374480497,0.9333949714780588,196.8,4.850000000000023
974,37.29578288238993,320.5128205128205,29.44090909090909,129.4,86.20275577881291,0.06864,2106,52.1,10,2.468669367345142,0.9647184693450834,0.03284702321362945,193.6,6.4500000000000455
975,9.391367834815147,331.30135170951496,16.94,35.7,52.08640901925467,0.060368,2490,28.5,5,3.537571336481277,0.2721684138829196,0.7278315861170804,200.9,4.650000000000034
976,17.100260012153534,752.2407170294497,14.8,41.5,57.30458570587938,0.06248000000000001,1280,32.53333333333333,15,4.791562480571564,0.8769319917250641,0.010013322213437,183.8,11.250000000000057
977,52.38344117295219,601.8125177003677,25.008823529411764,97,89.1831367595618,0.056496,1880,65.68333333333334,8,3.2734365757995505,0.2614559817803403,0.7385440182196598,197.1,7.750000000000057
978,107.8008113294442,534.5264491605951,48,95.5,34.48259191677948,0.050512,2877,74.46,2,1.478530520021296,0,1,241.4,1.650000000000034
979,60.23741921935592,1319.648093841642,19.955555555555556,108.3,68.25878333604707,0.05456,2851,55.38,5,2.82308681723358,0.01947418566309975,0.9805258143369004,257,1.8500000000000227
980,55.46405967590172,984.848484848486,21.85192307692308,61.8,71.51932979626133,0.0528,1412,53.3,6,3.058115882123423,0.951142489658841,0,246,9.450000000000044
981,6.352272759259433,396.0055096418731,13.743478260869566,24.4,29.153312793764812,0.05808000000000001,2693,19.133333333333333,3,1.867805164995109,0,1,197.1,4.350000000000023
982,34.47136834927916,670.7702020202017,20.647058823529413,54.2,74.23633070217718,0.050688,2067,48.64,6,1.198486347190602,0.07363704436398139,0.8931528701886572,192.9,8.050000000000011
983,23.251279044236956,487.5487548754875,19.861538461538466,56.3,74.88889616103174,0.05332800000000001,2100,44.92,7,3.605660367094786,0.28641244144541994,0.71358755855458,217.1,6.9500000000000455
984,89.60763509559406,752.7960997992548,27.32857142857143,108.9,102.68367301907438,0.05579200000000001,2569,85.11666666666667,6,2.45263717635083,0.03603173786515647,0.9639682621348435,231.3,4.250000000000057
985,13.414700633606603,393.61993428258495,19.73913043478261,36,34.47328610075151,0.058432,3272,28.666666666666668,1,1,0,1,250.8,-1.349999999999966
986,4.778109281247497,165.2892561983471,16.875,40,57.8184634935286,0.0484,2925,20.5,3,2.149965526787357,0,1,270.7,1.4500000000000457
987,36.25745127625394,636.8999731831589,24.521052631578947,50,45.93774234291209,0.059664,2547,45.21666666666667,7,2.525848598128535,0.1892629920969492,0.8107370079030507,264.6,2.0500000000000114
988,36.44655519852122,1045.1505016722415,17.66,45.5,65.68910543594141,0.052624,2342,42.22,13,2.569048507048488,0.2504858514786801,0.7334120719714254,178.3,7.850000000000023
989,42.09772292219659,1416.2395468033424,15.8,71.8,72.26912822792961,0.05931200000000001,1787,48.8,9,3.601598928034503,0.0384795509121311,0.8146663900727946,174.10000000000002,9.350000000000025
990,57.09758444176116,2753.6456717344113,14.062676056338027,57.4,58.084756625089874,0.05156800000000001,2130,44.98,12,3.028703510610013,0.3866204327056086,0.6133795672943914,197.3,7.250000000000057
991,55.55596187675531,705.815923207228,29.99075,51.9,34.228430658218706,0.05667200000000001,2403,44.833333333333336,3,1.024593210934293,0.00639985983676549,0.9936001401632344,212.4,3.750000000000057
992,63.82947467587273,699.8133830978409,26.692857142857143,95.5,80.32782584485282,0.06001600000000001,2681,70.28333333333333,8,4.339914709454988,0.00843409368306083,0.9915659063169392,226.9,3.4500000000000455
993,54.37698751686241,1062.252964426878,21.246511627906976,90.6,67.41051338033994,0.04048,3346,53.55,1,1,0,1,247.2,-0.8499999999999659
994,28.56423392191839,429.14034605877487,27.508,46.2,35.354312743380675,0.05825600000000001,3257,40.7,2,1.1275393478717055,0.11310270435219208,0.886897295647808,260.1,-2.0499999999999545
995,128.7642653345771,392.4378924378922,60.78260869565217,125.5,36.975453729990775,0.05860800000000001,2926,89.75,2,1.495100146875345,0,1,256.2,0.05000000000001137
996,3.8967519105437822,666.1442006269591,8.35970588235294,15.3,26.030913987428033,0.05104,2028,12.1,2,1.9940568891532264,0,1,130.8,10.350000000000025
997,19.118161872368574,1020.264565156207,12.006896551724138,64.1,81.63509372326591,0.056848,2232,34.333333333333336,7,3.777020067056023,0.2035630876585136,0.7964369123414864,158.8,7.850000000000023
998,51.40563564386372,1067.3935890698913,20.56615384615385,79.8,67.58454851615659,0.060896,2188,51.516666666666666,7,1.619340174841105,0.01939633007813835,0.9739091135554911,181.9,7.450000000000045
999,52.30384298415914,825.2920264093453,17.98076923076923,125,123.49844396804352,0.06300800000000001,2422,68.23333333333333,10,3.1986143859526983,0.05199109495227969,0.9446209847678536,211.8,3.750000000000057
1000,98.69448488957453,501.9274012206875,44.556,84,52.15167460868484,0.049808,3251,76.78,2,1.2720479958461155,0.17049604141793567,0.8295039585820643,223.6,0.1500000000000341
1001,80.42217557433389,688.7052341597804,23.75,175,129.254943182553,0.06969600000000001,2194,77.28571428571428,14,1.8838823462414451,0.9937609832043348,0.00539016206182622,230.3,3.250000000000057
1002,46.85347045727235,813.9683350357502,21.939215686274512,73,73.01441480983581,0.062656,2039,54.91666666666667,16,6.147314472791743,0.5724623446382583,0.4170055342833181,139.9,8.250000000000057
1003,49.407577958141026,1702.997275204361,15.508181818181818,75.1,73.54144654659517,0.06459200000000001,1969,50.88333333333333,17,4.174833575954304,0.25692344942650225,0.7345553481229409,159.8,8.450000000000045
1004,40.115874487089705,585.3994490358124,27.55,44.3,39.25429942040374,0.05808000000000001,2286,42.08333333333333,4,1.4750971349377118,0.01517684578070918,0.9848231542192908,173.8,6.650000000000034
1005,99.68753878402369,337.730451366815,56.57058823529412,109.2,43.040926332786306,0.050336,3068,84.16,2,1.0600122891093215,0,1,195.7,0.1500000000000341
1006,25.57078197899992,618.2289213377297,19.409523809523808,67,63.84366813831487,0.06793600000000001,2163,41.25714285714285,10,3.613230696304527,0.5151085602409707,0.48489143975902926,218,5.350000000000023
1007,57.90055721001799,744.8725055432377,27.05581395348837,88.8,60.035193472021945,0.05772799999999999,1962,57.31666666666666,11,3.850733784334426,0.333059675278661,0.666940324721339,208.1,6.250000000000057
1008,34.56884803119078,553.5295649908829,21.87058823529412,67.4,82.61136941812305,0.061424,1825,54.416666666666664,11,3.483576651154667,0.6986935589823634,0.30130644101763665,123.2,9.450000000000044
1009,49.64716961760677,1314.1620284477444,16.208823529411767,102.6,91.82867287843,0.051744,2683,56,13,2.8562989860622596,0.0586444841587791,0.9342011190135852,152,4.850000000000023
1010,65.63533724041197,762.9296498554445,29.17368421052631,58.8,54.2921345174898,0.049808,2235,55.483333333333334,5,2.1637261715028955,0.0915927370264772,0.9084072629735228,177.10000000000002,7.150000000000034
1011,73.94668777635367,722.4304904717275,33.17027027027027,59.6,43.54585355234953,0.05121600000000001,2789,54.88,5,1.050544915469189,0,0.9911689921829032,188.6,3.150000000000034
1012,73.90539656228012,335.3204172876303,41.73888888888889,117.1,80.42019259118621,0.05368,2552,88.74,6,2.5755109129157554,0.9010428463498168,0.08088229932229239,197.8,3.750000000000057
1013,23.29015320794518,553.4238488783943,19.116666666666667,42.8,69.44785535182413,0.054208,1553,40.12,6,1.6009297122143555,0.23328437493059437,0.7667156250694057,181.8,9.350000000000025
1014,56.65498529617202,440.8307210031345,27.55185185185185,121,109.54817866633076,0.061248,2231,71.45,9,3.413267533776545,0.7840273888772941,0.21597261112270588,135.4,6.150000000000034
1015,54.2469932556281,3382.487078139256,13.041011235955056,40.5,44.92363639829256,0.052624,2846,33.76,5,1.1708869539764757,0.0074821448815327,0.9925178551184674,147.9,2.5500000000000114
1016,3.1026349500130435,216.03871413757335,12.78,22.7,36.44788454527693,0.046288,3031,16.16,3,2.0986021777389445,0.03660913533516,0.96339086466484,188,2.750000000000057
1017,54.4789076122845,1324.595649749024,20.74078947368421,48.3,46.92730605510933,0.05737600000000001,2919,42.1,3,2.5842357018677826,0,1,197.5,1.2500000000000568
1018,63.909675551378065,897.1291866028716,27.313725490196077,56.4,46.91582952434896,0.056848,3053,51.18333333333333,4,1.8400346356420072,0.03952535650054303,0.960474643499457,203.7,1.2500000000000568
1019,31.907924888044285,949.48155292983,17.674603174603174,55.2,61.29065233887736,0.06635200000000001,1604,39.52857142857143,16,6.955247456444769,0.45608629874496887,0.5283714108371342,155.10000000000002,9.250000000000057
1020,14.687686403079628,769.5834424941045,14.191489361702128,31.4,45.94112768969288,0.06107200000000001,1026,27.2,7,1.873538699219054,0.33332558589967065,0.6666744141003295,126.3,13.250000000000057
1021,66.97814820549972,817.8374655647393,18.285964912280704,144,146.84317875227296,0.06969600000000001,2384,67.4,11,3.7013826375950822,0.26072431910600835,0.7392756808939916,160.60000000000002,6.150000000000034
1022,18.285129910222594,1077.9011984799763,13.844067796610169,33.2,35.93483278657196,0.054736,3176,24.78,3,1.2125769742789418,0.2208732605205883,0.7791267394794117,172.70000000000002,1.4500000000000457
1023,72.28269014398263,717.499224325163,28.154054054054058,115.7,79.71238018166292,0.05156800000000001,2373,72.9,9,2.7256340046553884,0.25204825155417265,0.7479517484458273,185.6,5.250000000000057
1024,9.322530956521357,194.43484272381605,21.266666666666666,36.1,62.732013516197505,0.046288,1862,31.52,4,2.5305269970046904,0.5200256280634693,0.47997437193653064,183.6,6.850000000000023
1025,44.95660061054814,1239.6694214876038,16.28125,90.3,86.5855277503106,0.07744000000000001,2490,54.3625,14,2.310522508762601,0.03576633659178509,0.9416988239601036,177.8,6.050000000000011
1026,35.71284379252373,1349.4318181818185,17.035526315789472,37.5,40.40492245013635,0.05632,1807,33.266666666666666,11,2.8984872793499745,0.758829638713969,0.24117036128603092,157.60000000000002,9.450000000000044
1027,23.165218695495547,989.8637947418424,14.534,50.5,64.72783726592128,0.050512,1703,38.02,17,5.874850769255442,0.20499900721995687,0.7301163423105589,134.9,10.550000000000011
1028,17.565010751206827,617.1263193735101,16.162068965517243,46.9,63.34026237963126,0.046992,1458,35.5,6,3.2158154097554665,0.39543975785778296,0.5892706392266271,137.9,10.650000000000034
1029,25.80882644018986,1010.7816711590278,14.772727272727272,67.1,70.51501755946043,0.065296,950,39.214285714285715,12,5.492021400419162,0.792580433609015,0.20741956639098513,107.3,13.950000000000044
1030,102.52577631527738,1700.5441741357265,20.991764705882353,92.3,86.65279822974415,0.049984,3011,81.44,2,1.998840399894088,0,1,165.20000000000002,2.9500000000000455
1031,48.10313611259776,840.807174887892,23.57878787878788,51.6,56.560953286398565,0.039248,2417,51.150000000000006,4,1.429149549002079,0.20457550912457,0.79542449087543,169.70000000000002,5.9500000000000455
1032,52.37999584123034,1199.680085310585,18.958333333333332,62.6,74.45894726332197,0.06001600000000001,2723,51.4,7,1.4557749714774602,0.05819951475256799,0.941800485247432,165,4.050000000000011
1033,68.48264358585972,814.0616693248267,26.63673469387755,94.3,72.12837701505927,0.06019200000000001,2022,65.36666666666666,13,5.727642990843862,0.3328203012139155,0.6671796987860844,173.60000000000002,7.650000000000034
1034,5.834118607292873,357.1428571428571,13.168181818181818,26.5,45.713835124274915,0.0616,1061,20.866666666666667,11,2.8921705350801155,0.4054341414760227,0.5741188443146062,108.1,13.850000000000025
1035,33.335706263723075,1125.8091753447802,17.19390625,43.6,52.88199426701815,0.056848,758,38.46666666666667,11,2.289961578080183,0.5437973077377264,0.4562026922622737,96.7,14.550000000000011
1036,75.45898006581928,1076.369282891023,20.81967213114754,112.6,103.77466849652497,0.05667200000000001,2199,75.2,5,1.9764572566091552,0,0.9551113165737428,157.70000000000002,7.450000000000045
1037,78.13774602996016,128.29912023460412,76.01428571428572,180.2,63.167692674239085,0.05456,2950,89.86,2,1.627679235352311,0,1,164.20000000000002,1.8500000000000227
1038,71.7211626418661,1777.983920841068,18.39565217391304,96.3,72.34887653388878,0.051744,2494,56.5,12,3.083933012159328,0.12984964709102648,0.8430334809645154,172.70000000000002,5.750000000000057
1039,45.44328528007406,689.7004729374677,21.880952380952383,121.7,87.78152181784786,0.060896,2142,57.2,10,2.81048254171116,0.09048327983161372,0.9095167201683864,170.10000000000002,8.450000000000045
1040,16.443632730268476,680.4572672836142,16.695,25.1,32.64593448409001,0.058784,1900,24.683333333333337,5,1.8383550998180769,0.0742789925106252,0.7204597266309241,164.70000000000002,8.950000000000045
1041,75.13673040696473,493.27681964337904,24.414814814814815,187.5,152.97980843521418,0.054736,2760,75.1,3,1.1802148646070036,0.0305430073484243,0.946186457853306,178.70000000000002,4.250000000000057
1042,51.56180688574367,1429.618768328445,15.506410256410255,95.3,96.00256950196408,0.05456,2014,64.88,13,4.126326410005261,0.4271003116474083,0.465185771704121,158.60000000000002,7.850000000000023
1043,34.343377085743526,858.6670564162524,18.365957446808512,61.5,72.16770583384226,0.054736,1442,48.2,11,3.463623484629433,0.5651583551734111,0.39376926875453766,130.8,11.850000000000025
1044,69.53922573763256,823.6955352339967,26.720408163265304,84.8,71.8368723045636,0.059488,1705,62.9,11,3.2417051933551075,0.6965142785140722,0.27988366536345344,143.8,9.450000000000044
1045,29.31711166577217,756.586755281273,17.545098039215688,62.5,78.40834529660214,0.06740800000000001,1130,46.114285714285714,14,5.43121229379876,0.7699162394164974,0.19049141976900297,146.20000000000002,12.250000000000057
1046,33.90281111820725,1368.8016528925618,15.090566037735847,54.6,62.3287986902756,0.07744000000000001,3214,39.8875,2,1.0126008130033226,0,0.9844649615483676,158.20000000000002,0.7500000000000568
1047,66.42237217560036,1515.151515151518,20.02,58.5,63.05670088315984,0.0528,2453,51.62,9,1.9290895923562903,0.0474939674715492,0.8556494927892877,181.2,6.4500000000000455
1048,116.12264180979932,240.5981640509328,65.44615384615385,155.9,68.62537330774126,0.054032,3051,111.6,1,1,0,1,188.4,1.4500000000000457
1049,18.60489956295868,525.052505250525,17.492857142857144,54.3,70.14007058021791,0.05332800000000001,1520,40.06,9,4.3978393999737095,0.925507611756329,0,160,10.250000000000057
1050,44.57926637394149,1440.6889406889393,16.837078651685392,60,62.78435728160334,0.06177600000000001,1800,44.6,15,5.6590663920341235,0.7438190108263774,0.2276039716257751,152.9,9.250000000000057
1051,60.69609183536543,979.020979020978,23.771428571428572,63.3,63.57091171484848,0.0572,2602,54.1,11,1.836875081204295,0.1164211670082251,0.8641063623082648,162.10000000000002,4.850000000000023
1052,30.703786306993607,2501.551349674217,11.626356589147289,32.5,39.66689191329573,0.05156800000000001,2105,26.78,14,5.0736844257467535,0.6613513180111487,0.33864868198885134,167.60000000000002,6.550000000000011
1053,61.08427446878807,2090.7814096016373,15.545801526717558,83.2,73.71445155615645,0.062656,2793,53.150000000000006,9,1.2437592912369038,0.06953490003190112,0.8812120608790677,158.70000000000002,4.250000000000057
1054,129.26636116729318,431.0344827586209,41.93333333333333,199.9,109.91520656433252,0.07656,2876,110.6125,3,1.2651070528665993,0,0.9712392704529724,201.4,2.3500000000000227
1055,104.63091924044004,461.13306982872166,30.67142857142857,200,146.54947469731377,0.06072,2436,99.23333333333332,7,1.652497405783519,0.7912622507932219,0.18821784180790424,173.9,4.050000000000011
1056,36.04650824995647,1136.3636363636374,17.91864406779661,37.4,51.2196586748027,0.05192000000000001,2511,35.5,10,4.570890693745009,0.35669360243738923,0.5010119206150841,169.10000000000002,5.050000000000011
1057,87.36163998467721,329.9120234604104,47.08888888888889,100.8,74.23965603983152,0.05456,3020,91.26,2,1.0199316389969897,0.01183684764117312,0.9881631523588268,179.4,2.750000000000057
1058,36.56934052664095,1397.907647907647,14.614516129032255,59.8,75.40902315386572,0.044352,2752,51.175,9,2.4725853448318156,0.14763147294486678,0.7617413962965849,191.2,2.650000000000034
1059,95.28158969019604,533.746556473829,34.96774193548387,162,94.20712581340626,0.05808000000000001,2605,88,4,1.438729162369107,0.8153957073706707,0.1722534736966303,185.2,3.8500000000000223
1060,92.94891540619744,1407.7340569877906,19.25301204819277,118,113.28850744634424,0.05896,2770,87.18333333333334,9,1.387000527775759,0.0597354702161486,0.9140367814095632,186,3.4500000000000455
1061,47.41376438823175,675.46090273363,25.229411764705883,85.4,64.525365984543,0.050336,3150,56.16,1,1,0,1,167.3,0.7500000000000568
1062,41.46496959936392,946.9696969696972,22.028333333333332,51,38.91661697070986,0.06336,2751,41.1,5,2.7686091673025888,0.27212138429716576,0.7082323597450199,172.9,3.250000000000057
1063,21.929586503178356,731.7493112947667,15.319607843137256,88.8,79.89846191869484,0.06969600000000001,2030,34.614285714285714,6,2.476887693497511,1,0,166.20000000000002,6.550000000000011
1064,10.496387638995325,307.67968493600256,16.893333333333334,41.4,74.78686386993215,0.048752,1766,31.84,7,1.4407125823718807,0.859166975738896,0.14083302426110406,180.3,7.150000000000034
1065,75.38249812433656,368.1177976952624,35.31739130434782,122,106.76606276118645,0.06248000000000001,2222,92.48333333333332,13,3.4256619276873956,0.3746648688573327,0.6128320465970619,165.5,7.050000000000011
1066,41.85282445131916,657.0810142238713,25.102941176470587,59,54.37471528858313,0.051744,1546,48.54,8,3.13180545127267,0.3177452121812461,0.6696161340891801,141.1,11.550000000000011
1067,48.083766266865304,802.5166923472001,23.814,57.3,59.35101238778312,0.062304,1545,53.583333333333336,17,7.590772468086662,0.5720892320260836,0.22371228485947997,109.8,9.750000000000057
1068,21.637199402815675,572.9564553093968,18.677777777777777,53.1,62.37736022765229,0.062832,1937,38.733333333333334,7,3.684327058589467,0.6908517952801446,0.3091482047198555,155.20000000000002,7.250000000000057
1069,14.616366601826805,1039.9756493506488,12.93170731707317,23.1,26.800736230991845,0.039424,2158,21.1,6,5.209888327370114,0.5758377595364558,0.2846547561564464,181.3,7.350000000000023
1070,18.420162425647536,616.8831168831168,17.605263157894736,42.3,48.245323676129,0.0616,2697,32.916666666666664,3,2.4298878904273153,0.8126666339331747,0,178.3,3.8500000000000223
1071,42.244423089162616,1109.3073593073568,17.85,76.8,72.67869203949482,0.07392,1806,50.34285714285714,13,4.3874763409409585,0.6809632605898264,0.251766065285328,171.8,9.750000000000057
1072,21.31492704322109,625.3573470554601,18.771428571428572,41.3,48.827840305838386,0.055968,1042,33.88333333333333,12,5.171993551381312,0.8561417156976134,0.1331569813047036,120,13.750000000000057
1073,8.188064055869456,552.3989898989897,11.660714285714286,37.5,63.4323309380448,0.050688,754,25.26,11,2.257727167166527,0.984985358987207,0,83.2,13.050000000000011
1074,25.564655372346472,698.3240223463689,19.23181818181818,60,51.60324700244415,0.06300800000000001,638,36.46666666666667,8,3.222928357577467,0.9892465499014258,0,83.60000000000001,15.650000000000034
1075,31.090063047094173,1332.5436778205533,15.458333333333334,42.2,49.656692029623485,0.054032,1867,36.46,13,3.918575425671168,0.2066048925630253,0.7565275811544719,163.20000000000002,7.850000000000023
1076,31.5072466985272,1015.2465089769152,16.550877192982455,66.9,67.10976672057652,0.056144,1554,42.55,12,3.16208247095915,0.19215726872547095,0.6962905196520814,128.5,12.750000000000057
1077,31.629090737427305,1818.1818181818217,12.695833333333333,65.2,61.425037564869925,0.066,1436,36.34285714285714,17,5.930878829767016,0.5912634111418098,0.12067569167323824,168.20000000000002,11.050000000000011
1078,17.309310484841046,1238.344988344989,10.35529411764706,81,81.70247608038684,0.06864,2352,26.985714285714288,10,3.6757552228518726,0.8890290284116606,0.02978393158176058,171.10000000000002,8.450000000000045
1079,50.28612526630772,1159.5547309833032,15.506666666666666,117,114.81634511542578,0.051744,1950,64.42,17,3.736678183738126,0.6424880389332088,0.32817090321685405,164.10000000000002,6.750000000000057
1080,31.70258235850479,361.38772887889496,24.294444444444444,87.5,97.20672571847486,0.049808,2773,53.02,5,1.2787277443439573,0.04785456700780006,0.8848988158949327,167.20000000000002,5.150000000000034
1081,91.60319863317136,756.2829661805773,24.838461538461537,166.7,124.062921322467,0.05156800000000001,2347,93.02,5,2.96671048136753,0.13801986151325066,0.8619801384867494,149.3,6.850000000000023
1082,16.536826782461425,820.2099737532803,14.427272727272728,43.1,48.746330364593945,0.067056,1052,27.542857142857144,6,1.5799216988140363,0.8603536427848485,0.1396463572151515,137.9,13.850000000000025
1083,41.894858434568874,874.125874125874,17.679545454545455,94,98.7159506286578,0.050336,1077,56.06,8,3.857761333958116,0.8157295439805908,0.18427045601940917,143,13.350000000000025
1084,68.30192178039576,1834.4155844155896,18.690265486725664,86,60.024689594559135,0.0616,2146,44.66666666666667,12,2.4404891162091507,0.3873642115100264,0.6085418264393204,152.1,8.450000000000045
1085,9.403420520439996,420.05659709939874,13.126315789473685,41.8,83.10250049524474,0.04523200000000001,2620,27.68,5,1.5883787133917235,0.04798917344378769,0.9305218804195922,171.20000000000002,4.9500000000000455
1086,48.15340500202631,1008.3226632522416,16.56825396825397,94.4,111.11483006129926,0.06248000000000001,3116,67.18333333333334,2,1.2562425526628664,0,1,182.6,2.3500000000000227
1087,73.69718197563938,1060.8457997698508,22.516949152542377,123,87.02944908703823,0.055616,2860,67.06666666666666,7,1.4594655469015212,0.02049392297687728,0.9680387086212175,186.9,4.050000000000011
1088,49.07528778487733,1424.644676857065,16.492941176470588,72.6,78.71980214722768,0.059664,2246,54,18,7.069641876392784,0.7520479104487869,0.23041140878364805,182.6,7.650000000000034
1089,45.89062831274872,651.7379679144385,22.08974358974359,111.6,92.70020511863645,0.05984000000000001,1581,58.35,16,4.412714257578162,0.8446964655843726,0.1553035344156274,160.70000000000002,11.650000000000034
1090,69.8913428780708,351.4526710402997,38.583333333333336,101.9,86.14413756251739,0.05121600000000001,2322,87.06,5,2.223550804535855,0.4581339515845586,0.5390972812078965,158.8,8.150000000000034
1091,29.07451250147392,188.34756403817173,28.158333333333335,136.5,127.01500030804368,0.06371200000000002,2656,46.33333333333333,7,1.559212174235961,0.07738645803388858,0.9226135419661116,157.8,4.850000000000023
1092,31.080407437067834,971.5025906735754,15.396969696969697,73.4,85.39812153398738,0.06793600000000001,1768,46.471428571428575,12,5.077881121176926,0.6653530362554838,0.2958843841609611,164.5,10.150000000000034
1093,57.735071759809024,2747.881841080824,12.791145833333331,63.9,79.89879950968788,0.06987200000000002,2202,52.457142857142856,21,5.37059000583647,0.28132345335088094,0.6410699380147908,171.9,6.250000000000057
1094,41.37511970064622,272.2916061574208,30.066666666666663,126,110.52561370890024,0.05508800000000001,2912,55.71666666666666,3,1.0705912314267745,0.01062236826849386,0.9652523068743868,179.3,3.4500000000000455
1095,7.215643703609312,334.22459893048136,15.546153846153846,26.5,38.57653921657476,0.03889600000000001,2803,23.725,1,1,0,1,182.3,4.850000000000023
1096,14.442948173848007,971.7123731375506,12.055555555555555,40.6,55.35193208317515,0.07409600000000001,1622,27.714285714285715,12,2.1343738264341705,1,0,190.8,11.050000000000011
1097,58.47005658297691,348.8835725677831,35.595238095238095,91.5,84.75562199381595,0.06019200000000001,2345,78.9,10,4.950817336431811,0.4300079411309892,0.5699920588690108,152.4,8.050000000000011
1098,74.97337955250676,134.82280431432972,77.27142857142857,118.8,46.55975402943896,0.05192000000000001,2934,94.94,2,1.176934847215484,0,1,148.6,2.5500000000000114
1099,31.32641424521659,1002.6737967914446,18.046666666666667,50.4,47.45302334245295,0.05984000000000001,1721,38.06666666666666,12,3.323073832894323,0.19377778762751635,0.7611338033931591,159.9,9.850000000000025
1100,35.82186397504623,684.1980009519277,19.032608695652176,100.5,92.67876590631356,0.067232,1611,51.18571428571428,12,5.626676339204548,0.7800500845356994,0.21994991546430065,159.4,10.150000000000034
1101,39.76800392539772,878.3487044356605,18.83125,86,79.72132784937429,0.072864,1920,53.82857142857143,15,4.544386937752891,0.5491247687576315,0.3989241260544581,174.3,7.850000000000023
1102,57.1257844944654,414.55325790089734,31.264705882352946,130.8,91.90421012580804,0.041008,2436,65.47500000000001,8,2.560340037111748,0.2923234175110125,0.7076765824889875,167.5,7.350000000000023
1103,51.6693521037956,2002.327491785319,14.812820512820512,67.7,70.82862492358456,0.058432,1432,46.483333333333334,15,4.132537833519534,0.4159769659752327,0.5820040904091774,172.3,10.850000000000025
1104,32.379774836017965,1070.2593805086867,17.029411764705884,52.3,57.723326582132415,0.06353600000000001,2176,41.233333333333334,6,2.181598461918198,0.01468761520756462,0.879270775556567,157.3,7.850000000000023
1105,41.12442958319467,590.9090909090911,17.519230769230766,129.7,140.09162383645744,0.044,2648,58.025,5,1.1403206481920178,0.02690346546957627,0.9730965345304238,150.5,2.8500000000000227
1106,18.85832653782171,482.41852487135475,19.82592592592593,54.6,52.58318126459558,0.055968,1285,34.983333333333334,6,2.6981616467691283,1,0,154.20000000000002,12.250000000000057
1107,11.894497662029975,466.5422553985605,13.310714285714283,72.2,92.89654931438416,0.06001600000000001,882,26.45,2,1.7722204876293508,0.1654435470244331,0.834556452975567,146.70000000000002,15.250000000000057
1108,31.151195522301137,861.3835144447384,15.06153846153846,111,102.4682792543484,0.060368,1357,44.266666666666666,12,3.3178571784355735,0.2173958298595637,0.7826041701404363,145.1,14.550000000000011
1109,31.8686819893965,1033.0578512396694,17.001923076923077,61.1,60.483778224234875,0.050336,1333,43.42,8,3.077151254334311,0.7992121007009744,0.20078789929902577,145.4,13.150000000000034
1110,31.078683491737415,1072.3961468994582,15.871929824561404,49.6,68.7771957181281,0.053152,1078,42,18,3.3726971736929565,0.26883048198476295,0.7094169999454528,137.5,15.350000000000025
1111,84.36575688282822,1299.7623291740942,21.97142857142857,96.2,84.98746747324188,0.05385600000000001,2208,73.4,14,1.8786370289421168,0.1867921484518279,0.8132078515481722,168.70000000000002,8.250000000000057
1112,49.39765867909382,1940.5594405594431,13.701801801801802,89.3,85.61393173587277,0.0572,2732,45.35,8,2.489925976206723,0.07293654246952916,0.8622959229455158,165.4,5.850000000000023
1113,41.23136208753875,1349.6400959744078,18.044444444444444,37.8,44.39157025064953,0.06001600000000001,2767,32.58333333333333,5,1.423121698190471,0.0216676748279966,0.9783323251720034,156.8,5.150000000000034
1114,11.30721863315367,1034.9780331192972,10.857142857142858,25.8,42.87307903624388,0.047344,617,21.84,11,5.613777111186001,1,0,144.9,16.950000000000045
1115,95.89381558412694,842.3625792811845,28.788235294117648,124.3,87.40166232743277,0.06054400000000001,1912,82.21666666666667,14,7.043807137676876,0.46947718505290986,0.5305228149470901,167.20000000000002,10.350000000000025
1116,41.34942830704975,1133.126133126132,17.997142857142858,58.6,66.39096045884159,0.06177600000000001,1702,47.25,7,2.8460241940637685,0.19203555414448611,0.784025168351231,161.10000000000002,11.050000000000011
1117,45.78058674428636,1804.4619422572223,15.992561983471074,49.2,51.497990916234535,0.067056,1513,39.67142857142857,18,8.976926977235362,0.39364025646591705,0.606359743534083,173,10.750000000000057
1118,26.734273434648028,916.9504846738264,16.321428571428573,62,63.299680838436714,0.06107200000000001,1476,39.53333333333333,10,5.749874435998394,0.6717661772818241,0.3282338227181759,159.5,12.550000000000011
1119,75.05137634768813,841.1150782751995,25.54081632653061,89.8,87.00753750654157,0.05825600000000001,2320,76.08333333333333,14,5.221746029069892,0.7526976954228732,0.2402390396586092,178.70000000000002,7.850000000000023
1120,124.93633473966372,1631.2316715542506,19.814606741573034,143.4,122.50046836297118,0.05456,2404,105.28,11,4.030085413739554,0.3601292457079196,0.6263791958837719,170.60000000000002,6.750000000000057
1121,38.71255947319611,509.294626941686,23.1125,79.8,91.53900219013778,0.062832,1440,61.983333333333334,11,6.24988957909076,0.8047133036166215,0.17093702523497453,180.9,11.050000000000011
1122,72.79234432310379,1220.1340326340307,20.138805970149257,99,94.13570838444568,0.054912,2206,78.46,17,3.33208264741414,0.108043332653065,0.8386417584610906,190.4,6.850000000000023
1123,29.98198407922,944.3021766965436,16.66949152542373,48,68.0206266431096,0.06248000000000001,1092,40.72857142857143,8,2.8367896690679317,0.7012595012105682,0.29874049878943176,180.9,13.650000000000034
1124,41.9370530431249,859.7488038277517,20.541304347826088,63.8,69.45458715302217,0.05350399999999999,1524,49.82,7,2.4667885978698436,0.9700465103497552,0.0100165568601048,167.20000000000002,11.150000000000034
1125,55.19306260127746,426.56292656292624,38.36,66.9,35.293099445335976,0.05860800000000001,2236,55,4,1.0785360587372133,0.0373299986642613,0.954806814242405,162.10000000000002,6.850000000000023
1126,13.187484610037664,875.5002858776446,12.422448979591836,36.2,49.78540325148924,0.055968,833,25.96666666666667,4,1.8679944253442209,1,0,153.4,13.950000000000044
1127,15.662125413728408,571.9951189749843,15.63,43,66.46912319238417,0.052448,805,33.916666666666664,12,2.579900867987566,0.9846196408534472,0.01538035914655295,164.60000000000002,14.750000000000057
1128,17.454398256110164,923.7311767986616,13.439622641509434,38.5,58.16842401695993,0.05737600000000001,1023,31.15,4,3.2683023417743273,0.14964324589169034,0.8503567541083097,159.20000000000002,15.550000000000011
1129,28.715168198489444,803.3419023136248,17.30181818181818,72,72.79867482899145,0.068464,961,42.84285714285714,9,3.0479578297629355,0.997110652766798,0,158.9,13.950000000000044
1130,47.36401622830816,1433.7298215802878,17.593827160493827,61.2,60.27710711549577,0.056496,1580,48.18333333333333,19,4.847697278681896,0.2303148456477692,0.7696851543522308,181.7,11.450000000000044
1131,78.3410857532266,943.6235142948916,23.43617021276596,112.6,97.1926932022275,0.049808,2052,80.52,16,2.2341145137121363,0.1853208975934761,0.8127550560256764,178.5,7.550000000000011
1132,39.38688268518647,134.3673218673219,50.871428571428574,120.5,71.8247519509004,0.052096,2789,63.44,1,1,0,1,177.3,3.650000000000034
1133,56.368383186200006,1031.4685314685305,19.003389830508475,94.7,97.09471344734702,0.0572,1542,65.38333333333334,12,5.34580746075061,0.5044183070647559,0.48513890509311897,169.8,9.750000000000057
1134,26.97156583499651,197.28535353535355,35.32,88.5,66.27719575549483,0.050688,2329,50.74,5,2.8741182695975227,0.7192276673913967,0.2807723326086033,183.6,6.9500000000000455
1135,34.234288899886195,1115.7024793388427,16.25,52.6,69.89648001828185,0.0484,2304,42,8,2.9289113071632817,0.15169590489317977,0.8483040951068201,189.6,6.550000000000011
1136,31.510613558505785,1764.6602544213445,12.682417582417582,48.3,64.66174068590259,0.05156800000000001,2128,36.04,17,3.562619683024032,0.2961144673958447,0.6698654603408017,202.2,6.4500000000000455
1137,21.29639992801396,529.3619424054209,14.263333333333334,94.6,125.30521767467287,0.05667200000000001,1928,39.28333333333333,8,2.559344190021856,0.1909547104042298,0.8090452895957703,201.1,7.750000000000057
1138,42.070236180310935,963.353255740798,20.96530612244898,44,52.01349173728501,0.050864,2013,41.74,7,2.333264684896165,0.07718432318140148,0.4248799579201736,205.1,7.550000000000011
1139,20.95025582570235,486.51654156241335,17.17142857142857,85.5,94.4087583485196,0.05755200000000001,2285,40.38333333333333,7,2.7229861611703488,0.10827187984860556,0.8917281201513945,198.5,6.350000000000023
1140,146.4928440287485,229.1055718475073,71.34,186,81.62576428882963,0.043648,2625,118.625,3,1.2113877644721198,0.9424334226427435,0.05756657735725654,196.9,2.8500000000000227
1141,108.06422046398248,920.9063108145684,30.943396226415093,96,75.57738550277365,0.05755200000000001,2480,80.6,6,3.1326639241944925,0.3615129394888889,0.6384870605111111,196.8,5.9500000000000455
1142,74.97134914089517,1641.0220214568058,19.503225806451617,93.4,73.14379445310156,0.05667200000000001,1580,59.86666666666667,19,5.391960715612852,0.4948583440284224,0.5029863978983347,169.70000000000002,10.950000000000044
1143,50.89288793930292,1588.6662679425813,17.904705882352943,41,52.495064545275675,0.05350399999999999,2055,35.44,10,2.0365866868210585,0.581808441442257,0.418191558557743,175.5,8.150000000000034
1144,40.578471091315414,919.339281408248,19.380327868852454,81.3,71.03051215951076,0.06635200000000001,1539,49.55714285714286,9,3.258145970255247,0.33780764496637183,0.4746805763318768,181.8,10.250000000000057
1145,57.04232065215725,2245.508982035934,15.78181818181818,50.7,54.85330819403236,0.058784,1928,40.333333333333336,17,4.485614049041546,0.3984583538841131,0.6015416461158868,190.2,7.650000000000034
1146,112.39910895801889,1005.0869707909428,29.36122448979592,84.5,81.56210328763183,0.048752,1818,76.26,11,2.7409546348636353,0.3066794272508816,0.6588454133237476,202.4,8.950000000000045
1147,38.670080348154016,1668.3455049105996,15.156603773584903,40.7,53.609005898918625,0.06353600000000001,2501,36.483333333333334,9,3.7723542162500943,0.2781008957836602,0.6641433517588893,203.7,4.150000000000034
1148,70.36644795263553,908.3178726035868,21.81276595744681,102,104.70957534457943,0.051744,2457,78.12,8,3.4302719131789687,0.29669206757351885,0.6959027443531706,199.7,6.050000000000011
1149,1.387419706428875,108.66865375062092,11.371428571428572,24.5,54.77194839346654,0.06441600000000001,3108,11.371428571428572,4,2.670392889599073,0,0.776416619797525,198.8,1.4500000000000457
1150,47.27219357252727,656.1313379495198,27.927659574468084,52.6,42.421786638673574,0.07163200000000002,3310,45,1,1,0,1,203.1,-0.3499999999999659
1151,46.33461420735716,905.5854171535408,16.470967741935485,104.7,119.3432485517334,0.068464,1891,62.5,16,2.762082999817047,0.32562894425252986,0.6315006996592143,159,8.150000000000034
1152,26.851065185033733,450.68246201390696,22.357142857142858,62.9,73.26734895609678,0.06212799999999999,1328,47.05,13,6.6278347906082695,0.5649548898348187,0.43504511016518144,155.60000000000002,11.750000000000057
1153,43.05691773524933,1243.3895744145036,17.41518987341772,55.3,67.7913135476372,0.06353600000000001,2123,41.042857142857144,16,2.7417580205159338,0.06238112700340746,0.902539205309146,159.10000000000002,8.850000000000023
1154,40.7204263156082,775.3193852990191,20.19402985074627,86.1,80.59235732667169,0.086416,1325,53.644444444444446,16,6.595658027889796,0.5687868124367725,0.4218769816620963,162.4,11.850000000000025
1155,88.50887491550445,530.0821627352237,28.215625,190,131.31152585581856,0.060368,2390,85.56666666666666,15,2.911967758156452,0.3102832856788857,0.6897167143211143,178,6.150000000000034
1156,123.93339984364668,944.0559440559432,28.253703703703703,117.5,105.57037242674028,0.0572,2160,99.6,4,1.679270150241445,0.7973279443253123,0.20267205567468768,185.7,5.4500000000000455
1157,73.48729312129706,1406.2024931590165,19.97567567567567,84.5,82.25971351889886,0.052624,2300,69.52,8,1.9696686278894984,0.02606596549644087,0.9595809419844156,175.5,6.150000000000034
1158,10.028462300841042,238.3979656706929,19.583333333333332,36.9,68.98601822636842,0.025168,1964,31.03333333333333,4,2.9811529557949346,1,0,174.9,6.4500000000000455
1159,40.560615889891345,762.6601586333122,21.44,66.5,69.65895929195594,0.052448,3206,52.16,3,1.059414878110969,0,0.9906173534951678,193.9,1.3500000000000227
1160,31.743704746682617,926.7136606708788,18.768852459016394,52.1,49.1977895417388,0.06582400000000001,1284,37.41428571428571,4,1.091169906008382,0.9884115239768774,0.01158847602312254,144.9,11.350000000000025
1161,39.401557562018866,924.2424242424232,19.71967213114754,66.5,63.43861569116316,0.066,1062,47.57142857142857,15,7.791559723574188,0.41180831416499775,0.5839108607356924,148.20000000000002,13.350000000000025
1162,25.614598764206505,963.5832004253048,16.374137931034483,44.4,51.67083144398114,0.06019200000000001,1327,33.7,14,8.899809004589226,0.619216871456619,0.16776863515033863,152.5,12.050000000000011
1163,46.42081499088642,2074.037925264919,11.342857142857143,140.5,110.69021978688689,0.05737600000000001,2148,41.31666666666667,13,2.6531143427258947,0.8980427869362313,0.08451825872185832,170.5,7.750000000000057
1164,28.96537046080846,601.2506012506011,19.9475,80,74.52735679903023,0.066528,1687,45.77142857142857,17,4.7769553237841835,0.3179847814229316,0.5422392390800089,166.9,10.350000000000025
1165,4.295768605940144,284.09090909090907,12.689473684210526,25,45.445169813089606,0.06688000000000001,1802,18.84285714285714,5,1.58561326216745,0.2008480739525295,0.7556783690053314,166,8.950000000000045
1166,54.311188621815866,1019.3850267379688,15.339344262295082,120.9,138.36196036399116,0.05984000000000001,2621,70.95,9,1.9735703545490515,0.24212337445179535,0.7549015013044638,167.10000000000002,4.4500000000000455
1167,71.5060402877729,576.6621438263229,37.16764705882353,72.2,38.368140615023336,0.05896,3071,58.21666666666667,2,1.5933116748439642,0,1,189,0.6500000000000341
1168,14.236719728356348,327.27272727272714,19.641666666666666,65.6,66.94132582024397,0.11,827,35.22727272727273,12,4.069692993743421,0.9045663612658909,0.0954336387341092,131.1,14.250000000000057
1169,22.93892254076916,488.4084396978378,17.29,88.3,101.72825910832626,0.061424,1372,46.15,7,2.224503837688617,1,0,144.9,11.850000000000025
1170,32.40351485148685,518.0481283422457,20.11935483870968,87.3,99.98499191242,0.05984000000000001,1650,55.78333333333333,12,5.464753803154434,0.4754517824244283,0.5111686717385221,163.3,10.350000000000025
1171,73.14173875326085,2233.315817130851,15.346323529411764,121.6,88.10744132760043,0.060896,2702,59.96666666666667,9,4.488797785406402,0.1133353963405736,0.40228124422438977,172.8,4.9500000000000455
1172,63.60693532800638,254.13883241359272,42.13,162,92.55171715605512,0.05508800000000001,2602,70.63333333333334,4,1.9860528779654136,0.9969318546006368,0,193,5.150000000000034
1173,96.60116438223424,701.4590347923682,33.26,102.5,77.46363195217806,0.057024,3037,83.81666666666666,2,1.2272303423433937,0,1,174.9,3.0500000000000114
1174,60.0123034151294,348.8835725677831,27.49047619047619,141.9,141.17184415463632,0.06019200000000001,2887,69.98333333333333,4,1.089441943703343,0.00765662824039486,0.9913065530351612,166.10000000000002,2.0500000000000114
1175,36.14675859024329,467.4913693901036,21.438461538461542,87.1,108.98053936427276,0.055616,3509,60.75,1,1,1,0,179.3,-2.749999999999943
1176,107.65828797031388,568.1818181818178,44.86666666666667,89.3,45.39719186167138,0.04752000000000001,3375,79.17999999999999,2,1.375339927295688,0.2506123325510296,0.7493876674489703,188.2,0.35000000000002274
1177,23.29744764372077,840.5977584059766,16.11111111111111,44.7,60.52133012562591,0.06424,1146,37.85,15,3.699909268321233,0.8347057774284535,0.1461178416460554,143.20000000000002,13.350000000000025
1178,27.53470657109301,223.15297995056304,28.069230769230767,93.8,103.77098879747852,0.05825600000000001,1974,50.2,4,2.6796793158783276,1,0,160.70000000000002,9.150000000000034
1179,43.54895109921477,616.9651056014699,19.60697674418605,130,117.03181763640596,0.06969600000000001,2133,60.371428571428574,12,3.359473787386788,0.6962421700204919,0.29487414333778095,178.70000000000002,7.450000000000045
1180,8.031431219020156,875.350140056023,10.21818181818182,23,34.79318021235909,0.062832,2637,17.416666666666668,11,5.705812458638775,0.9524701959991918,0,188.4,4.850000000000023
1181,102.57414956883704,1377.4104683195585,23.26125,110,87.28482545726459,0.05808000000000001,3258,76.38333333333334,1,1,0,1,194.9,0.6500000000000341
1182,67.20063035569416,831.0719131614661,24.76122448979592,89.5,83.2672140573252,0.05896,3090,70.85,3,1.0670474323995542,0,0.986467448206878,180.6,1.7500000000000568
1183,42.719716864082656,1014.6103896103896,17.86,66.9,83.26167481526329,0.054208,2954,54.92,2,1.8887663318305716,0,1,171.8,2.650000000000034
1184,18.984327766957986,207.69048184191783,31.67857142857143,52.7,41.475158493413915,0.06740800000000001,2274,41.68571428571428,3,2.3527665082365643,0.12094544576106275,0.8790545542389372,165.8,7.250000000000057
1185,42.143321138083,385.5519480519482,22.76315789473684,113.5,133.4004640164632,0.04928,3056,54.52,2,1.1522337853174192,0,0.9524162200146484,181.4,1.8500000000000227
1186,38.03341163937386,2413.951655281141,13.013605442176871,30.7,43.10556884502267,0.060896,1864,25.933333333333337,11,1.8291141460786495,0.7935065594054573,0.2064934405945427,163,9.550000000000011
1187,13.226641987024149,1262.626262626262,9.870238095238095,53.8,61.11704712302163,0.066528,1863,24.5,16,5.497224836756828,0.33089312522160264,0.663492686165197,158.70000000000002,9.450000000000044
1188,89.41240930530385,326.8991282689913,54.766666666666666,96.6,41.12569674715891,0.06424,3010,80.18333333333334,2,1.1775311633600063,0,1,175.70000000000002,2.4500000000000455
1189,36.90837585562376,371.50349650349665,24.15882352941177,108.7,111.36716249089756,0.04576,2920,55.7,3,1.1168563298890275,0.03449761522486222,0.9495338400529704,184.4,2.4500000000000455
1190,77.31129296256684,421.55425219941327,46.02173913043478,77,32.73310788351,0.05456,2930,67.2,2,1.0607253078250936,0,1,178.3,3.5500000000000114
1191,50.44937908238019,401.5944788196095,35.17037037037037,90.1,55.16783546995423,0.067232,3036,60.4,3,1.295216781917077,0.00640455626050652,0.9935954437394936,162.3,3.150000000000034
1192,52.597222504814184,559.4405594405596,22.615625,125.6,117.630940103839,0.0572,2503,67.75,8,1.3744950531180298,0.04926974253073407,0.926236374255885,174.5,4.9500000000000455
1193,42.7834493286848,902.4064171123,21.994444444444444,41.5,50.25065568885957,0.05984000000000001,1843,39.416666666666664,5,1.4547846742638015,0.04914931771555173,0.9273713544848964,159,9.550000000000011
1194,26.851756921902805,583.630870639934,21.44705882352941,57.5,53.086580143589835,0.05825600000000001,2056,40.25,7,2.4582547801027292,0.5009964048252776,0.4990035951747223,153.1,7.450000000000045
1195,23.10588097542176,542.6455566905007,19.93235294117647,57.8,61.28855695829118,0.062656,2442,40.583333333333336,5,3.3862741474826983,0.23179361118098316,0.7682063888190169,159.3,5.750000000000057
1196,16.03291233194033,941.9056878949914,13.073064516129032,32.4,52.20299603433596,0.06582400000000001,2290,28.957142857142856,5,1.4561318943266268,0.8209033817145756,0.17909661828542445,161.3,5.750000000000057
1197,18.67391433788316,798.0081716036767,13.54,72.5,79.87091288979178,0.062656,2462,34.333333333333336,7,2.415084112380207,0.09518694252746804,0.8916055307379733,166.70000000000002,6.9500000000000455
1198,79.07086836646546,522.004497269515,31.923076923076923,90.5,96.34478439459316,0.049808,2531,84.1,6,1.629269668751786,0.7355872428470918,0.2644127571529082,167.70000000000002,5.150000000000034
1199,31.79405373478196,609.3102607847915,21.32,78.8,68.81033928587289,0.065648,2246,45.1,11,4.869515163459898,0.2861072113084305,0.7138927886915696,166.10000000000002,7.550000000000011
1200,70.11322938716197,432.31225296442705,30.164285714285715,124.8,114.73875911014385,0.06476799999999999,3009,89.3,2,1.231639206265418,0,1,149.3,3.8500000000000223
1201,17.616505000600355,639.3861892583127,17.16590909090909,30,44.15204841203034,0.068816,2272,27.757142857142856,6,2.541071562930932,0.30356072243708,0.69643927756292,147.4,7.950000000000045
1202,23.621773535602983,444.13134035775545,17.448275862068964,82.8,112.60963099683909,0.065296,2064,46.385714285714286,8,1.1780166850609908,0.04351616981914848,0.9364836115537154,132,8.550000000000011
1203,21.694854880236985,1822.1574344023363,10.727272727272728,57.9,56.591959701713655,0.060368,2334,28.433333333333337,11,5.4790444847064395,0.3144016008516315,0.6078600737092461,153.60000000000002,6.050000000000011
1204,15.37675486572112,1150.0961274375172,11.729850746268657,33.4,49.07541025781946,0.05825600000000001,2225,26.166666666666668,14,5.976063765542422,0.7000325538896349,0.2999674461103651,145.20000000000002,6.4500000000000455
1205,23.783269225135214,1073.6344335070448,13.386516853932584,73.5,76.18851396905262,0.082896,2052,38.525,15,6.323850626328264,0.8570004560055455,0.10330097018293012,166.10000000000002,8.650000000000034
1206,58.46667092033561,784.2509603072987,23.181632653061225,82.2,88.44828492835093,0.06248000000000001,1998,63.27142857142857,15,2.139620599930669,0.1656160116335193,0.807455849115687,161,10.150000000000034
1207,26.468730787520443,1124.0453313624023,15.528767123287672,44.6,49.66958862142054,0.064944,1494,31.616666666666667,11,4.607731338648564,0.6505729346365647,0.3494270653634353,156.70000000000002,11.450000000000044
1208,67.61537364813897,1335.0720317933417,17.274418604651164,107.8,108.37917644306596,0.06441600000000001,2473,69.27142857142857,15,5.617711918097686,0.40607574135725855,0.5843837940269392,146.70000000000002,4.650000000000034
1209,29.58993693599289,591.5317559153174,19.107894736842105,62.8,87.4377952630601,0.06424,1915,52.233333333333334,10,2.340654950704923,0.03586272686333709,0.8934116035717238,122.7,9.150000000000034
1210,26.77590530882116,816.2612035851477,17.06078431372549,52.2,66.60454611555032,0.06248000000000001,1785,41.28333333333333,17,8.72970633272403,0.34631984821444245,0.4977232771969815,114.2,10.750000000000057
1211,30.487451724317303,2037.617554858937,12.24423076923077,44.6,52.281509611777885,0.05104,1995,32.416666666666664,11,3.3988674038069164,0.28454527040712957,0.6890860131778055,141.5,9.050000000000011
1212,25.640231239222135,2526.8387391502893,10.309265536723164,39.8,46.567006298351345,0.070048,2136,27.38571428571429,19,8.24254750848522,0.6038212837384483,0.17535919066388586,143.1,8.250000000000057
1213,23.01568076912705,869.2803870187455,16.031884057971013,48.5,56.231055873809645,0.07937600000000002,1850,33.6375,6,1.531318939106368,0.08235196363547494,0.9176480363645252,143.4,10.050000000000011
1214,17.011135924789773,448.14340588988455,17.45,57.2,78.03607820692142,0.06248000000000001,1319,38.81666666666666,8,2.4886376613028496,0.13567241076201644,0.8643275892379835,136.6,13.150000000000034
1215,23.892556120680528,939.2707563439257,15.072131147540984,41.8,65.788286590283107,0.064944,1323,36.03333333333333,12,7.709628858102811,0.32567824019449365,0.4016071663464101,135.1,12.750000000000057
1216,7.8069139688098,139.00472616068944,24.3375,46.2,48.67149698530516,0.05755200000000001,1462,28.25,5,3.105493039164693,0.22528846943823416,0.7747115305617659,132.3,13.150000000000034
1217,10.10757108431865,553.8234328848047,14.448148148148148,22.8,34.281477960491124,0.048752,2017,21.24,3,1.8958772314790755,0.5993315472558953,0.4006684527441046,124.2,9.950000000000044
1218,27.02017598174151,1220.5387205387194,14.231034482758622,64.2,62.95601209516046,0.07128000000000001,323,34.98571428571429,20,7.189637504959592,0.9150539098596132,0.08494609014038695,202.6,15.150000000000034
1219,39.561514699507946,1350.9218054672615,16.07205882352941,50.5,67.08917949961683,0.050336,593,43.84,20,9.154758828259135,0.4147112179478179,0.585288782052182,231.7,13.550000000000011
1220,9.159451837893824,775.5597518208793,11.332608695652176,26.9,41.79183410995584,0.05931200000000001,355,21.133333333333333,19,10.910906659521848,0.9226624289305616,0.07733757106943852,170,15.050000000000011
1221,27.091019924058784,704.2253521126762,19.620454545454542,47.2,52.79024625956625,0.06248000000000001,203,39.13333333333333,10,3.04514854898867,0.921137682377042,0.07886231762295814,181.5,15.150000000000034
1222,51.2828531387263,2370.6896551724176,14.708264462809916,55.5,52.48252080854817,0.05104,635,38.06,31,11.207374704124222,0.39119767593984817,0.6088023240601518,213.6,13.550000000000011
1223,40.89931185961779,1084.7107438016524,16.485714285714284,74.9,88.2492286166768,0.05808000000000001,495,53.4,14,4.519256441909269,0.9583694305392044,0,279.2,13.150000000000034
1224,22.8563783281608,1405.5023923445008,12.717021276595744,39.4,53.22819949271306,0.06688000000000001,413,30.12857142857143,27,8.924352958557774,0.4303036674489275,0.565463826641687,228.5,13.950000000000044
1225,38.07571223422428,627.6427061310783,21.29736842105263,85.2,84.96563798202052,0.06054400000000001,548,53.8,9,3.7537610212504777,0.9714791011403558,0,251.2,13.450000000000044
1226,39.89108142056322,2225.51928783382,13.51969696969697,40.1,50.04897078390147,0.05931200000000001,1087,33.6,17,6.754223436593863,0.4063161483712406,0.5808759287408902,285.2,10.550000000000011
1227,79.64195698429153,1040.3329065300893,28.192307692307693,69,48.041627931270305,0.049984,770,56.7,13,3.62661625988028,0.9908058005680968,0.00919419943190313,247.8,12.150000000000034
1228,42.5902927760585,1626.175548589343,15.374698795180723,54.7,64.47684485562489,0.05104,902,43.18,22,9.104181352288142,0.5829347762230493,0.39346888543096126,274.8,11.150000000000034
1229,58.53074105519866,584.300451321728,28.344827586206897,77.9,78.00442729401964,0.049632,1248,63.82,8,1.065537820707703,0.9939945059342256,0.0060054940657744,286.40000000000003,10.450000000000044
1230,21.4426680395328,516.5289256198347,17.007142857142856,89.7,92.63020649709772,0.054208,672,38.96,17,3.08076753278721,0.8526628078895726,0.13659957244381724,198.8,14.250000000000057
1231,29.498577326312606,1162.190082644628,15.646031746031746,46,57.03690976912459,0.054208,355,39.42,16,4.745687573978283,0.6093391578767648,0.35246045347356786,179.5,14.950000000000044
1232,20.953038275409273,688.7052341597793,15.135,64.4,84.18901253488497,0.05808000000000001,1172,39.18333333333334,8,2.2542168926355064,0.9284945149943868,0.00516655428873259,263.5,9.550000000000011
1233,33.792283026296495,854.6467460116479,19.381481481481483,48.6,58.873666794950275,0.063184,1288,41.95,14,3.26838768371064,0.9331914199679257,0.05246666765500219,283.5,9.250000000000057
1234,29.722839005711354,822.0502901353965,17.888235294117646,58.3,67.22967708328608,0.04136,335,41.675,17,7.346444731935376,0.7605749910921922,0.19264478613881852,268.6,13.850000000000025
1235,32.48609119912557,743.8592048619901,19.036170212765956,61,73.89765200056772,0.063184,929,48.233333333333334,18,6.749155526569622,0.9214443621836242,0.07501799186263904,247.1,11.250000000000057
1236,25.759981976868907,1113.1047315257829,15.21641791044776,34.3,52.60597333521998,0.06019200000000001,1021,32.35,22,8.47659718805631,0.8711853726149726,0.12881462738502736,197.2,12.150000000000034
1237,40.58269890733604,973.033083124827,17.257142857142856,88.5,89.29612393658908,0.05755200000000001,1447,51.38333333333333,14,5.386345883602929,0.5009923894149224,0.49900761058507753,223.5,8.250000000000057
1238,42.55842319562979,1716.0821412090454,15.257142857142856,57.5,59.95781408082045,0.069344,1405,40.42857142857143,17,6.1484050673996284,0.4211918392861966,0.5559705519927319,270.1,9.250000000000057
1239,54.93376973060551,528.9968652037619,24.525925925925925,110.3,111.5424160084695,0.05104,654,75.8,7,1.7739626169622322,0.9297560426811896,0.02060176098316016,287.3,11.750000000000057
1240,50.91140349372127,973.520249221183,19.26727272727273,86.1,89.9086017177558,0.056496,714,60.266666666666666,26,8.216404225076698,0.7145631746510528,0.2207795742927717,277.40000000000003,11.850000000000025
1241,28.63236285277297,1136.3636363636365,15.687179487179488,52.5,55.46090466750453,0.06864,1261,36.32857142857143,19,6.507930904429419,0.7930747284752453,0.20692527152475476,223.8,10.250000000000057
1242,40.003697843681046,635.1277121669871,21.232432432432432,101.5,89.47225023627352,0.05825600000000001,908,54.9,17,5.256717937801021,0.9224808046825204,0.06891182893531549,246.4,11.550000000000011
1243,35.91489319232312,957.6098059244116,16.823333333333334,72,83.59838369267455,0.062656,866,52.78333333333333,16,7.750339558797169,0.6776058377960559,0.28250612727512775,203,11.550000000000011
1244,30.68431659983594,842.9997302400863,18.7,54,57.61459480473381,0.05931200000000001,1820,40.483333333333334,15,4.450810742511384,0.5102958873622813,0.4897041126377189,269.6,7.350000000000023
1245,79.61331510332315,1103.7927041111766,23.426229508196723,127.5,82.74285743364995,0.055264,1345,70.13333333333333,13,2.641034730395672,0.8748725951231171,0.11691075032913728,288.40000000000003,9.950000000000044
1246,47.85694485020869,336.1075544174135,32.94285714285714,99.3,83.90807704921006,0.06248000000000001,617,69.41666666666667,10,2.2253724128718293,0.968028853856511,0,281.6,12.650000000000034
1247,44.023335108089974,1096.8066743383204,19.445901639344264,57.4,59.77700938509051,0.055616,1133,45.483333333333334,13,5.236984309116044,0.9966855518301244,0,214.9,11.650000000000034
1248,20.708329032183588,1149.3136493136485,12.930985915492958,45.1,61.42571071948847,0.06177600000000001,1223,33.6,20,8.631751292738869,0.6507786014910809,0.237202608982634,232.7,10.350000000000025
1249,75.21159946223754,1914.5256916996,17.901612903225807,77.5,75.19090311954699,0.06476799999999999,1685,58.61666666666667,22,5.306994184913203,0.387806058997658,0.4904747452361023,191.6,7.750000000000057
1250,71.72981007062427,1192.6848661542542,17.609722222222224,139.5,122.06655912281376,0.060368,1567,78.16666666666667,21,4.149622390580506,0.6341427949108173,0.3277464987601155,253.1,7.350000000000023
1251,53.11024567269256,1128.8380493678508,17.97,115.8,93.2504240485225,0.053152,1688,57.48,10,2.2151505460827026,0.7404180705913969,0,292.5,7.850000000000023
1252,49.03288686417161,871.0801393728215,19.438636363636363,81.4,95.79116654207034,0.050512,1208,64.74,15,4.688428581306421,0.5874734159611493,0.41252658403885073,299.2,10.850000000000025
1253,61.5006720312671,941.9056878949914,21.685,75.3,88.34666934395966,0.06582400000000001,1353,66.45714285714286,18,7.368812541478182,0.935971858073562,0.04845678993899835,197.5,9.250000000000057
1254,18.198853437229506,859.859724844888,14.090196078431372,40.9,60.3737500677338,0.05931200000000001,820,31.7,14,4.149648988305412,0.8510138258993443,0.11265878869270388,185.8,11.450000000000044
1255,31.94979347778331,1158.977838082317,16.442682926829267,41.8,54.948168502557614,0.07075200000000001,942,36.114285714285714,15,4.637672434270624,0.8007730455963078,0.1992269544036922,179.5,10.750000000000057
1256,55.718550010832466,768.6279238003382,22.54901960784314,94.7,91.1901033830396,0.06635200000000001,1239,65.92857142857143,10,4.298731419842374,0.99419486681924,0,225.5,8.150000000000034
1257,15.900860251082426,583.1339712918661,16.07179487179487,47,59.42741687806539,0.06688000000000001,1242,32.142857142857146,12,5.4741885246532185,0.9948100211443583,0,261.40000000000003,8.650000000000034
1258,74.86387243570066,746.7532467532467,22.069565217391304,200,128.71356445772585,0.0616,1554,64.48333333333333,13,2.080981391172211,0.9954259328798144,0,302.6,6.9500000000000455
1259,39.14893100469843,1365.6595629889375,15.25679012345679,70,75.83900515578239,0.05931200000000001,1582,47.833333333333336,15,7.524525756503727,0.7482461420134872,0.25175385798651284,210.3,9.150000000000034
1260,81.95473335418345,700.2801120448183,24.636363636363637,141,122.0197326806019,0.062832,1465,86.66666666666667,10,2.6048069355274266,0.9311652890855427,0.05586896273676065,240.4,9.250000000000057
1261,35.333768591093104,2614.641995172969,12.21474358974359,28.5,39.271764402121605,0.059664,1335,24.866666666666667,17,3.5156129993092646,0.5306092995341659,0.2475879511874483,274.90000000000003,8.450000000000045
1262,24.71569767269758,574.945887445887,19.397058823529413,54.3,68.44823714305974,0.05913600000000001,1716,42.61666666666667,11,3.879182890167165,0.9539405269516698,0.04605947304833022,172.9,8.450000000000045
1263,41.367045034146834,1385.8093126385816,15.772857142857143,68,73.16803395926473,0.050512,1793,44.52,24,11.246784703410476,0.46105214548300455,0.5389478545169955,201.1,7.350000000000023
1264,59.300870257341046,2357.761286332722,14.434426229508196,87.7,73.58209237223254,0.051744,0,49.24,19,5.412508986150962,0.744306013994633,0.19994336694659137,216.6,6.650000000000034
1265,71.72113228479424,594.790884047082,23.394736842105264,172,136.15951606098915,0.063888,1738,80.75,14,1.850526625502065,0.9961148145797284,0.0038851854202716,238,8.250000000000057
1266,39.266770235514166,3252.4895599100614,11.195679012345678,49.4,47.724991646396575,0.049808,1510,31.56,15,5.009367341638477,0.6733308591716459,0.14231285141223535,250.1,8.850000000000023
1267,49.57134688657167,1132.390336935792,20.69298245614035,51.8,55.41206257510822,0.050336,1005,46,15,7.632319902697615,0.5204995894543955,0.4739526271306838,260.2,11.850000000000025
1268,20.656429102533274,1107.9545454545469,12.45,74.3,73.37293258290435,0.0704,1313,34.214285714285715,17,4.093876168056762,0.445405701629997,0.5424297506093183,168.60000000000002,9.050000000000011
1269,76.0097264228623,595.2380952380952,23.41515151515152,150.5,142.36918957306042,0.05544000000000001,2134,80.8,13,3.171088311382856,0.2909624737442399,0.70903752625576,211.7,5.650000000000034
1270,76.21016479207074,747.1504031137064,24.43488372093023,136.2,109.688491880832,0.05755200000000001,1784,79.38333333333333,13,2.1574645918328827,0.925391845508392,0.07460815449160786,241,7.650000000000034
1271,43.49136608672903,327.79720279720283,30.85555555555556,105.6,90.5487818698504,0.054912,1604,67.94,8,1.618783566280369,1,0,244.8,7.150000000000034
1272,62.38683842094431,1410.3803997421028,20.185714285714287,55.8,62.270698706255054,0.049632,1402,47.34,16,1.6092456421872707,0.7147254203233004,0.2852745796766996,247.8,9.150000000000034
1273,60.140167401842085,1372.13976499691,21.204225352112676,47.8,49.458687866793234,0.051744,619,39.58,10,1.3633811748735571,0.90612154877961,0.05319801757306971,233.7,13.750000000000057
1274,68.34894048294564,1122.1590909090924,17.71392405063291,133,122.07988503007364,0.0704,1960,76.24285714285715,9,1.3459523936299853,0.00488990283920247,0.9519644073498856,171.4,6.650000000000034
1275,32.14176437109368,1293.422025129339,14.74404761904762,67,67.89457489297452,0.064944,1701,43.333333333333336,19,5.992627079246219,0.7708766550300351,0.19133851831324009,166.8,9.850000000000025
1276,33.72557519122614,432.7212522576761,20.973913043478262,119,114.5814674248914,0.053152,18,53.56,13,2.3680013543171574,0.9038172847468876,0.09618271525311244,188.2,7.150000000000034
1277,33.85992352347253,403.1019656019655,23.076190476190476,69.8,102.89962438358732,0.052096,1738,63.4,4,1.1324311628257997,0.9683933688020304,0,225.8,7.350000000000023
1278,33.804739353723214,1091.9455137696198,16.861016949152543,53.6,62.70260311962749,0.054032,509,44.72,20,7.721087470159863,0.6345878371628172,0.36541216283718286,211.3,15.150000000000034
1279,45.11291453520026,769.5834424941045,22.948936170212765,60.2,65.28907480855493,0.06107200000000001,1534,52.916666666666664,16,4.278205606263532,0.7057383232691903,0.2942616767308097,174.70000000000002,9.750000000000057
1280,54.47046072781668,796.7607105538145,22.27868852459016,120,87.5384162161454,0.07656,1326,59.0125,17,3.9808694244465745,0.9462833846991034,0.05371661530089663,231.4,9.550000000000011
1281,38.78008264863088,1118.3261183261177,17.583870967741934,49.5,65.95404906451152,0.05544000000000001,1113,44.15,15,5.219260295686509,0.3475477608157397,0.5108276461208072,216.5,12.150000000000034
1282,54.5120749766238,1080.6916426512953,19.766666666666666,87.3,80.84848064973677,0.06107200000000001,1796,54.94285714285714,15,6.3216928934961425,0.38657912345265955,0.6134208765473403,173.4,7.450000000000045
1283,68.12244103406931,1518.0430256766117,20.94142857142857,74,55.43168479395607,0.046112,2203,49.16,9,2.018628374383998,0.14307497262185342,0.8569250273781467,180.7,5.050000000000011
1284,34.97384067562439,1429.618768328445,15.426923076923076,52.3,55.92980683250721,0.05456,2178,36.08333333333333,13,3.9021784636631422,0.5645315672928758,0.4354684327071242,178.10000000000002,5.4500000000000455
1285,87.73755507511302,184.60781096160153,68.21111111111111,128.2,58.150375835554954,0.048752,2566,98.66,4,1.9837269746270052,0.35026939307923394,0.627875642359686,176.60000000000002,4.550000000000011
1286,139.54988603725425,1058.9768654284794,22.5,180.2,153.6115060646469,0.049104,2180,110.7,12,1.8130521493030975,0.8034788436514114,0.1965211563485885,200.2,5.250000000000057
1287,21.03558439399061,958.378970427162,12.075,91.9,96.61070300314634,0.058432,1984,32.483333333333334,18,3.1823608261806893,0.8918731273007448,0.10812687269925526,196.8,5.850000000000023
1288,51.561806123087926,1486.30343166767,18.0873417721519,50.7,59.55138436542291,0.053152,1782,41.98,13,1.5358911822733774,0.8462024305125482,0.15379756948745174,215.8,7.350000000000023
1289,45.89875248057886,1099.7067448680364,20.42037037037037,46.1,52.87539170847738,0.049104,1720,41.34,12,1.49940265405392,0.8744292283983333,0.12557077160166671,200.1,9.950000000000044
1290,58.95893035418034,403.2258064516128,31.345454545454547,103.5,99.21061446120524,0.02728,724,73.53333333333333,6,2.7133676838554757,0.9785482487123482,0,197.6,13.350000000000025
1291,53.02440882929328,874.125874125874,23.96590909090909,95.8,59.389590415644555,0.050336,905,47.54,5,1.8747361130302245,0.9775385470680892,0,219.8,13.050000000000011
1292,36.40135197019591,2454.9160079051308,11.90817610062893,51.7,57.74708815094968,0.06476799999999999,1800,36.75,18,10.133649288920976,0.20449526006708696,0.5509554857634653,177.9,9.350000000000025
1293,18.021781139679028,520.4718945176961,17.825,54.6,63.59319379835355,0.046112,846,34.16,12,5.64692926421614,0.903815718096559,0.05719103197194827,181,12.750000000000057
1294,10.536481451774582,708.2152974504246,12.163636363636364,30,53.55596097936335,0.06212799999999999,1140,24.65,15,9.151098107774107,0.7204260741279268,0.206078265695,211.7,10.550000000000011
1295,52.355678677243624,527.4261603375526,28.53181818181818,77,76.08488317908318,0.041712,1131,64.675,8,1.925485984098659,0.9693027256296888,0.00396659649043907,237,11.250000000000057
1296,27.602952327290257,909.09090909091,16.589583333333334,58.5,64.29021627175958,0.0528,347,39.84,9,3.1490790455185502,0.9346501561436832,0,120.6,15.450000000000044
1297,24.69307277924248,1051.56037991859,14.948387096774193,54.5,58.61404036302337,0.05896,966,35.45,20,9.55143944480593,0.6394400996336839,0.2394936445149849,150.3,12.850000000000025
1298,61.66467435786842,1425.335832552326,22.01095890410959,43.3,37.26644619564589,0.05121600000000001,1396,38.72,10,1.1557476784272431,0.8601210437135305,0.13987895628646946,189.7,10.250000000000057
1299,45.63568386084278,2220.279720279722,13.774015748031497,46.4,61.83826328689007,0.0572,1490,40.8,20,8.837166373061738,0.45472171016725754,0.33896330269727104,186.9,10.050000000000011
1300,31.627901784721683,979.6238244514096,18.849090909090908,37.1,39.99079386712832,0.056144,684,33,1,1,1,0,172.4,13.950000000000044
1301,36.317261055153146,968.2841274481144,16.475471698113207,85.3,87.97281643054983,0.054736,1261,51.48,18,5.305880252426252,0.9573134841343928,0.04268651586560714,177.3,12.150000000000034
1302,82.52169879357423,1324.4778869778877,25.482608695652175,54.6,47.42432862247596,0.052096,1719,48.3,10,1.124095872237247,0.9409237663202484,0.05907623367975161,217,8.750000000000057
1303,45.97488910285984,1504.5312942509192,16.758823529411764,60.5,62.44058678710851,0.056496,1533,44.68333333333333,14,3.4953854385000187,0.2298608908739414,0.6172878475052116,207.4,9.350000000000025
1304,40.61993644856259,1162.6162616261618,17.31935483870968,72.8,70.06762201019838,0.05332800000000001,1651,47.379999999999995,25,10.57654876782693,0.8038717880166769,0.196128211983323,192.1,8.250000000000057
1305,8.363332282355985,418.0602006688965,14.436363636363636,30.2,48.245160434315245,0.052624,471,24.66,8,3.0922318978152497,0.9470361989577708,0,101.5,15.450000000000044
1306,44.95727674533067,776.5151515151522,23.495121951219513,58.7,58.631408306917955,0.0528,1530,52.1,17,4.190267371025851,0.5482144136949555,0.4517855863050445,181,10.550000000000011
1307,15.321095987681424,482.5653798256539,16.203225806451613,62.5,74.67980066681764,0.06424,594,35.333333333333336,10,2.721043606427755,0.9655873289024294,0,172.60000000000002,14.650000000000034
1308,50.42866705620657,1130.414088529273,20.59342105263158,47,58.64055203278592,0.067232,0,43.05714285714286,13,1.2626558228408125,0.973864810874678,0.00660348663496455,180.7,11.250000000000057
1309,34.43386543754806,809.4645080946442,19.338461538461537,56.8,67.60736776584565,0.06424,1355,45.916666666666664,17,6.414136627866242,0.66435633630414,0.3356436636958599,213.4,10.150000000000034
1310,17.46017283031461,683.3801936894719,16.062857142857144,41.4,51.81543813183094,0.05121600000000001,1954,32.72,14,5.6816839956025875,0.8770110729580617,0.12298892704193828,209,7.750000000000057
1311,61.38753957806342,1045.733407696598,20.513333333333332,92.5,88.84688089749386,0.05737600000000001,1232,65.26666666666667,14,4.847140630285366,0.8524808600873336,0.1375415126400199,180,10.750000000000057
1312,23.20898609891628,936.732186732186,17.391803278688524,26.9,20.895276882127582,0.06512000000000001,927,23.6,2,1.0539835391240082,1,0,135.1,14.050000000000011
1313,26.290065645031923,1163.9304092134269,15.62763157894737,37.4,42.41960708680976,0.065296,583,30.357142857142858,3,1.617040981898618,1,0,135.9,15.150000000000034
1314,29.267820976716777,1065.340909090908,15.921212121212122,44.2,62.111467170941296,0.06195200000000001,1440,38.65,18,4.678828194507185,0.787011220245503,0.21298877975449695,170.8,11.450000000000044
1315,17.43894916860455,527.1790065604497,15.144444444444444,71.3,92.75181669027144,0.068288,0,37.8,16,5.204085574584986,0.5194030978250799,0.4146929327569275,209.9,6.650000000000034
1316,35.10451984698197,1056.338028169015,17.604545454545455,42.2,60.9012412854882,0.06248000000000001,1361,39.5,15,6.048182125266437,0.5678544557604153,0.4294145859673345,187.6,11.350000000000025
1317,46.45083626410246,719.4510035419127,21.774358974358975,86.9,86.78493361221047,0.054208,1654,62.06,14,5.499049067705386,0.7071716857619031,0.2909682031222031,187.9,9.750000000000057
1318,54.38616731972242,1020.3265044814336,20.758823529411764,101.5,76.57685722004159,0.049984,1384,51.9,13,4.16336159852336,0.28140004637352906,0.7185999536264709,160.20000000000002,12.850000000000025
1319,21.77628375939413,743.8016528925622,15.747222222222222,57.8,71.94582014886977,0.0484,1069,39.02,15,6.386085452733696,0.952865306564452,0.04713469343554785,163.8,13.650000000000034
1320,29.802947423129343,1885.6143856143876,12.905298013245034,33.6,45.793488020277564,0.08008000000000001,1474,29.2625,33,12.306389856141834,0.517590530342153,0.4240150706613808,172.9,11.050000000000011
1321,27.09773288371306,635.0267379679144,18.3,72.2,79.94916441837918,0.05984000000000001,1293,46.21666666666667,13,6.501093803685622,0.7513006753817507,0.23977232898573447,167.9,11.850000000000025
1322,56.89942254335734,1045.6123737373732,18.850943396226416,106.8,98.38822527669625,0.050688,2139,63.9,15,3.2533694896867105,0.1787174788647715,0.8212825211352285,197.4,6.850000000000023
1323,47.82085432448315,1977.7420219898056,14.184745762711865,70,73.11720574609504,0.059664,1530,45.628571428571426,29,9.000496339955134,0.4047777090459553,0.5610531598278503,187.8,10.350000000000025
1324,6.240928505994367,651.5151515151509,9.806976744186048,29.3,52.39429885999063,0.066,869,19.742857142857144,13,7.594998110432878,0.5324083073706112,0.34858697993558796,170.70000000000002,13.550000000000011
1325,50.317777753297,1516.4995147201569,16.428,61,75.69813287005192,0.04945600000000001,2183,52.34,17,6.834724369444879,0.6994065137229583,0.2416301311710503,204.8,5.350000000000023
1326,64.03454559897285,689.7004729374677,23.80238095238095,121,105.49991946146471,0.060896,2281,75.61666666666666,13,3.595335006767812,0.310395926847057,0.6836404379605703,181.3,6.050000000000011
1327,57.47297419693572,1707.9274891774878,18.35940594059406,52.2,52.32904155205236,0.05913600000000001,1606,41.516666666666666,19,5.8113900446791495,0.5123699293505344,0.4738914796481023,188.4,10.250000000000057
1328,55.96275291282994,782.0480081716032,22.844897959183672,103.1,87.25532392447612,0.062656,1173,65.68333333333334,18,4.1580629301682235,0.936973349220364,0.06302665077963598,185.4,11.650000000000034
1329,93.7117050548176,1221.8963831867072,27.633333333333333,57.6,53.24721787544927,0.049104,0,52.06,10,1.128745891093769,0.9914937745718992,0.00850622542810072,190.4,9.450000000000044
1330,46.80592057005588,875.4463059599016,19.66862745098039,104.7,88.02680844481122,0.05825600000000001,1466,57.333333333333336,14,5.934122122829615,1,0,194.7,10.750000000000057
1331,21.676736435360912,1098.48484848485,13.739655172413793,50.1,58.02976333953382,0.0528,1409,34.52,10,3.352096259341756,0.8504034744448391,0.14959652555516098,195.7,10.550000000000011
1332,82.01520321277853,971.6732542819492,21.6,125.8,115.14826003641542,0.06072,1772,84.4,14,2.801285333296379,0.09645641486511793,0.8366618953764307,203.9,9.150000000000034
1333,34.21270466562539,704.4841950502321,19.554347826086957,87.9,79.42441063657105,0.065296,2010,47.97142857142857,14,5.288055296751533,0.966982617309883,0.03301738269011697,199.6,6.9500000000000455
1334,38.81782078954935,852.2727272727276,18.33888888888889,73,85.9058470666874,0.06336,2160,57.68333333333333,18,6.1695121354856415,0.7314468246904913,0.2524975870238291,184.2,7.450000000000045
1335,21.44471601048184,1096.1707103186202,13.81,47.1,55.79003266122244,0.054736,431,34.980000000000004,13,5.430004680401712,0.889329493100332,0,187.2,16.350000000000023
1336,25.40016689869759,721.267074894018,19.03265306122449,45.6,49.27051438790237,0.06793600000000001,205,35.94285714285714,9,3.9013589870535488,0.962421361840076,0,165.10000000000002,18.350000000000023
1337,14.571866796729738,339.7765025672002,17.416666666666668,78.9,92.04280416486306,0.05297600000000001,363,32.18,5,2.235528086666102,1,0,162.20000000000002,15.850000000000025
1338,38.738040663609986,2228.16399286988,13.379166666666666,37.1,48.84938833628853,0.05385600000000001,518,31.26,21,5.9575675824056145,0.5848107212769158,0.40841319078452065,157.10000000000002,15.850000000000025
1339,12.54834711483928,994.3181818181822,11.86984126984127,25.5,37.77951419190872,0.06336,126,21.542857142857144,20,11.453985263274284,1,0,133.3,18.350000000000023
1340,15.920800533400756,1016.7464114832536,13.198039215686274,32.5,38.401117584530446,0.05016,198,24.4,3,2.5382363117009223,1,0,170.9,17.350000000000023
1341,40.62275589918306,1739.3320964749578,14.41,73.8,66.10148749358315,0.051744,340,41.12,26,6.894039639000744,1,0,323.70000000000005,15.050000000000011
1342,16.71689301389549,478.46889952153106,17.858333333333334,64.8,64.18926249222365,0.05016,845,32.92,8,2.7194974112410315,0.8986758217434858,0.01391450417207764,316.20000000000005,14.450000000000044
1343,34.905593375538864,1474.201474201473,15.30625,44.6,53.834736543324,0.06512000000000001,348,36.214285714285715,21,6.811332024262671,0.9419996580687282,0.05060582822852613,273.6,17.350000000000023
1344,36.97930561584979,1814.7896879240195,13.558878504672895,42.3,64.42828876875805,0.05896,130,39.16666666666667,22,5.455307042260718,0.6778027594020054,0.2965205116879893,233.4,17.55000000000001
1345,42.457833106421525,1613.9657444005295,15.96734693877551,45.9,56.300125491650256,0.06072,447,37.95,22,4.811286122136066,0.7803213393218514,0.2059409266716281,291.6,16.05000000000001
1346,27.28053745623646,994.3181818181832,14.428571428571429,91.6,83.08570754785325,0.05632,218,36.46666666666667,11,3.7659335383043526,1,0,270.2,17.450000000000045
1347,32.32902055453308,1083.9160839160832,16.293548387096774,51.1,66.14503103749851,0.0572,616,41.983333333333334,18,4.69020885856953,0.4146838581833046,0.5520865932538126,276.3,15.250000000000057
1348,25.240406226950743,454.5454545454545,17.991666666666667,83.3,111.16002776145334,0.0528,1391,45.08,8,1.6181567547549898,0.8738284410539382,0.10392010533351428,131.20000000000002,10.850000000000025
1349,42.05326029427789,940.1569653368208,19.2,86.8,74.35973558826402,0.07339200000000001,1834,52.642857142857146,15,5.156734495144743,0.7554441831236548,0.24026852266646745,166.8,7.850000000000023
1350,62.88782506480285,1005.6315366049884,19.34,131.2,107.139273737851,0.059664,1978,67.98333333333333,16,5.008664545442813,0.7297098590818263,0.2702901409181737,212.3,5.9500000000000455
1351,98.15503785363686,1136.3636363636374,27.6015625,78.3,67.12760057190049,0.05632,1208,69.98333333333333,12,4.316617827438054,0.48164287152484614,0.48082753964775976,250.6,12.250000000000057
1352,9.47677452059474,435.7736658621612,14.43846153846154,36.6,58.4244719609581,0.059664,104,26.833333333333332,10,3.897121447022697,0.9860730295512904,0,215.4,17.450000000000045
1353,4.03181469686341,587.1212121212122,8.958064516129031,18.4,30.42270809924231,0.0528,915,14.12,4,1.839167655333809,1,0,110.6,11.950000000000044
1354,29.164738436390916,702.2471910112357,19.061363636363637,53.9,68.26046967387617,0.062656,1441,45.166666666666664,12,3.5722795801141154,0.474730369933438,0.5149805445337761,133.8,11.850000000000025
1355,52.35768841400568,625.3573470554601,25.02285714285714,94.6,85.0392536266962,0.055968,1512,63.2,9,4.628968949120411,0.9431695817557753,0.00651869005616931,173,9.550000000000011
1356,47.01584144124147,1139.7659227000545,20.31492537313433,78,52.60976505878542,0.058784,1716,45.516666666666666,14,8.46913619629552,0.4666524327205244,0.5191302095707769,215,10.350000000000025
1357,36.24811476738986,662.8787878787881,21.7,72.9,70.01733066418106,0.06336,934,53.24166666666667,12,5.423298240282956,0.925663072115236,0.07433692788476401,121.7,14.550000000000011
1358,31.38513408653654,1100.7511007510998,16.314705882352943,50.7,60.77367345117584,0.06177600000000001,734,38.11666666666667,19,8.715985003048894,0.814697642020771,0.18530235797922912,152.9,14.250000000000057
1359,27.114074130416345,1095.0990350431698,15.117391304347828,49.4,62.04867530899014,0.06300800000000001,485,38.016666666666666,25,8.34490455407801,0.4744456943407735,0.4592703175320737,149.4,16.350000000000023
1360,6.821136414080755,324.18782418782405,13.98421052631579,35.6,62.4874321492377,0.05860800000000001,192,24.883333333333333,10,3.72011044983369,0.9789812784200028,0,160.20000000000002,17.450000000000045
1361,33.8027390538611,932.0332664181252,16.828846153846154,77.6,80.17898793252408,0.05579200000000001,1294,46.78333333333333,22,4.768335866027455,0.5987670193042308,0.3865644226877305,176.4,10.750000000000057
1362,39.13799697833814,1685.606060606064,14.946067415730337,46.7,57.192525926364326,0.0528,2395,40.34,8,5.266964793971514,0.2795594354984623,0.6152199807008019,187.3,6.750000000000057
1363,25.17528687173493,836.0168441912316,15.461111111111112,56.6,78.44329720730065,0.06459200000000001,1696,43.85,15,4.241822025829331,0.5945083943677729,0.2865973011133371,197.5,9.750000000000057
1364,63.1653912158892,791.1392405063287,26.436363636363637,91.5,68.46674514624897,0.041712,988,62.75,13,2.9477063907970944,0.7639329997233754,0.22225431654855363,201.9,12.550000000000011
1365,54.14553270851574,1090.2948402948396,19.529577464788733,100,81.68473478731943,0.06512000000000001,2451,60.528571428571425,19,4.321813314153475,0.18028871291203177,0.7213947175937865,184,5.250000000000057
1366,26.442520608080944,492.6431949553336,20.986666666666668,62.5,75.5428108117975,0.060896,1542,47.06666666666666,9,2.5933802976041447,0.9374476196736397,0.01139426158118741,194,8.450000000000045
1367,19.20803820825122,685.1604278074867,13.05609756097561,79.2,105.89320966108144,0.05984000000000001,516,39.78333333333333,10,3.2376683209282713,1,0,175.9,15.750000000000057
1368,12.969893004081616,649.3506493506492,12.627777777777778,57.5,78.21900483013813,0.05544000000000001,189,29.433333333333337,8,3.0493284765046567,0.957507159169174,0,164.4,17.250000000000057
1369,21.41329451403157,722.4304904717275,14.367567567567567,76.2,92.26252299961236,0.05121600000000001,1154,40,10,1.9156611801205896,0.9222389532261036,0,182.4,11.950000000000044
1370,26.549929009703643,689.6138162628928,17.4,75.6,79.55124721607324,0.06670400000000001,1143,42.8,13,3.567482218426624,0.9546008700229976,0.03389412117349825,195.1,11.050000000000011
1371,36.90997944362064,789.1414141414137,19.2775,88.1,78.60962387361258,0.050688,1841,49.18,8,2.058185202232668,0.8022371402577881,0.1093989274836552,191.6,8.350000000000023
1372,14.934735530637225,306.09121518212424,21.175,52.2,64.125785970861,0.052272,580,38.12,7,3.364588134345395,1,0,176.3,13.850000000000025
1373,57.76668857832556,480.1536491677334,30.526666666666667,117.7,81.60873008256164,0.06248000000000001,715,68.2,11,3.7675612378456265,0.9799964033461284,0.01013698290349188,171.9,14.050000000000011
1374,37.20705312303519,999.216300940438,16.805882352941175,59,83.19830265366927,0.05104,2151,52.78,11,4.710667200292096,1,0,276.1,5.150000000000034
1375,45.11751170453572,953.4557907845574,21.726530612244897,47.5,53.11494572215,0.05139200000000001,2026,44.16,7,2.97629556519642,0.7697550656185341,0.23024493438146587,280.2,6.150000000000034
1376,32.69397459241612,969.1395560960788,16.754901960784313,61.6,73.5294905401354,0.052624,1870,45.86,14,3.128322062531466,0.7498470312997493,0.02404031175159547,290.40000000000003,7.350000000000023
1377,36.113674882710555,836.7061021170607,19.38139534883721,53,68.84799921048767,0.05139200000000001,1612,47.2,12,6.7865546671531485,0.6285178279972335,0.37148217200276645,310.90000000000003,7.750000000000057
1378,27.143447569215088,2770.6392547381997,10.565217391304348,21.8,34.39965902608506,0.049808,1730,21.08,16,6.036906161970813,0.37494448960772664,0.6250555103922734,331.20000000000005,7.350000000000023
1379,37.096855914457336,1711.6036137775286,15.44639175257732,30.6,39.78057442051221,0.05667200000000001,1397,29.516666666666666,14,2.725063768908033,0.7624426439132928,0.2220888915457819,337.90000000000003,9.450000000000044
1380,33.466194184662115,1438.9020070838253,14.80897435897436,55,59.57055387888516,0.054208,1372,37.4,13,4.627534202770647,0.38871038624932863,0.6112896137506714,346,9.950000000000044
1381,32.84019249794905,1790.4121601870795,13.873469387755105,35,46.42929484528676,0.054736,1640,32.02,21,8.718185865919628,0.5247038303987619,0.4752961696012381,362.3,9.050000000000011
1382,40.93403860044548,1271.1864406779673,17.975757575757576,39.2,52.24829624554136,0.05192000000000001,797,36.66,10,2.7360922352651977,0.9228356825763602,0.02998416194513758,351.8,13.750000000000057
1383,90.86976797570443,896.2391774891768,26.79433962264151,160,90.19267973356727,0.05913600000000001,1898,71.51666666666667,9,2.870295278957858,0.39470243046904785,0.6052975695309522,258.90000000000003,5.650000000000034
1384,34.6986609167286,1262.626262626262,15.7515625,62.3,64.5582808292596,0.050688,1907,43.48,14,7.369443119074289,0.7298002748962422,0.1373593246088847,274.40000000000003,6.350000000000023
1385,52.97203851040677,1125.643224699829,19.477777777777774,55.5,76.72614202308404,0.055968,1413,50.95,15,3.7647960297521856,0.3825859631883601,0.5903401198847139,278.2,9.450000000000044
1386,32.03624213831034,903.0704394942804,17.5125,61.8,69.48560263999475,0.053152,1310,42.98,14,4.823200199870365,0.4093425302913213,0.5906574697086787,286.1,9.650000000000034
1387,74.11779172273481,1463.7904468412958,18.59342105263158,104.2,93.61318847008368,0.05192000000000001,1422,70.98,20,3.916239882035917,0.26568392478244807,0.7287526451276678,301.7,9.350000000000025
1388,8.558322750076458,404.58767238953016,13.27391304347826,43.1,74.33750406000009,0.056848,680,25.333333333333336,5,1.853329529888363,0.8710694371809695,0,288.1,13.550000000000011
1389,50.14555117223164,956.535047444139,20.696,72.5,75.48237051202352,0.052272,735,58.7,13,5.529575533259109,0.5334225276876792,0.3578822428630852,301.40000000000003,13.150000000000034
1390,44.183486292465425,1400.4481434058914,17.94,43.2,50.171837565249874,0.049984,985,38.38,20,4.377917588870674,0.6175437876402068,0.38245621235979327,331.70000000000005,12.750000000000057
1391,25.598092772102955,937.0015948963317,15.76595744680851,50,63.88001092807547,0.05016,1536,38,16,5.724376706245844,0.6958442413287064,0.1885151688242573,230.1,9.450000000000044
1392,46.35871558305604,497.3982246709517,28.89230769230769,66.8,66.2154331240791,0.052272,1684,60.22,11,2.263336846026167,0.8344555571078586,0.157828583742639,246.4,6.9500000000000455
1393,52.74810389336713,901.2539184952972,20.378260869565217,122,90.11782404830426,0.05104,1564,53.56,15,3.517495575307654,0.249413354205759,0.7401938522571826,253.8,9.350000000000025
1394,11.146602132069898,471.91180912111145,15.012,46,59.02753287515221,0.05297600000000001,729,29.04,9,2.99094315074154,0.9668392871346816,0.03316071286531832,230.8,13.150000000000034
1395,9.14303365887713,684.1980009519275,12.352173913043478,23.5,34.69585049421112,0.033616,693,21.6,9,3.726763608956568,0.3953381006640212,0.6046618993359788,241.4,12.850000000000025
1396,19.78151410060672,913.8588684043228,13.728260869565217,56.8,68.74972505359742,0.050336,924,34.42,11,3.4109845499966096,0.994113902313196,0,268.2,12.550000000000011
1397,12.952434023842644,802.6360256843528,12.473684210526317,39,57.37672772361304,0.047344,518,27.68,13,5.13137531838108,0.5012379590608066,0.49876204093919335,273.7,14.150000000000034
1398,30.224217951393527,855.1231377318342,17.737777777777776,60.7,66.34127776510442,0.052624,1056,43.12,12,3.954074399199043,0.6716760279552371,0.25629650766521744,309.5,12.950000000000044
1399,45.77476055262861,607.5932737782451,25.716216216216218,69.9,68.04294764710119,0.060896,1130,57.95,14,4.101258778699575,0.6840866632967872,0.31591333670321287,222.5,10.950000000000044
1400,13.481949350821257,526.791089704997,17.142857142857142,26.7,33.591997932586274,0.053152,835,24.16,9,5.220371058943885,0.8729639171419635,0,205.4,12.650000000000034
1401,37.584463396222176,814.2169357122622,20.389130434782608,66,65.03630630268219,0.056496,1007,49,9,2.871896772143031,0.2806900939284706,0.670443458729893,217.8,11.650000000000034
1402,26.47960734999282,552.3989898989901,18.677142857142854,89.6,87.84559935812598,0.06336,540,44.666666666666664,9,1.792285530380362,0.9872124012505548,0.01278759874944527,202.9,14.650000000000034
1403,55.33730756538843,1974.5325596389457,15.973469387755102,59.7,63.452152842585406,0.049632,1058,47.66,12,3.310079964024214,0.5731630162092995,0.4268369837907005,216.1,12.050000000000011
1404,31.2775347723621,1476.925215457324,14.674117647058823,35.1,50.519418018982606,0.05755200000000001,1597,31.516666666666666,15,3.3951399644950255,0.39887709422854906,0.6011229057714509,254.8,10.150000000000034
1405,28.49445984977128,898.3111749910173,15.52,76,83.31091588127548,0.044528,888,45.8,12,5.209580860588875,0.3674197962005717,0.5496760092964558,314.40000000000003,12.450000000000044
1406,11.329120109530791,643.5716387172699,13,44.9,57.95145417264334,0.054384,565,27.08,11,6.741910160747425,0.7968996715489766,0.0898966751878323,329.6,14.850000000000025
1407,36.815746789204056,582.298136645963,22.26363636363636,86,80.2232848058516,0.05667200000000001,1888,51.21666666666667,13,4.2784730056618105,0.8841414644831584,0.11585853551684148,241.1,7.150000000000034
1408,25.213066040884,720.2304737516004,18.5,59,56.57856804220746,0.024992,1050,33.666666666666664,4,2.2125995868734334,0.8053839364518977,0.19461606354810232,228.4,11.950000000000044
1409,34.668305343464965,514.6574440052701,25.272,57.1,59.76558937048541,0.04857600000000001,658,49.46,11,4.338312270940857,0.9444224811604536,0.0555775188395464,227.8,13.450000000000044
1410,25.290014367582497,125.70394207562347,36.22,103.7,109.12152293008776,0.039776,886,43.3,4,1.32798686308406,1,0,240.3,12.750000000000057
1411,39.94555405495336,715.1938970120788,20.92222222222222,58.4,80.15095876998618,0.050336,298,55.02,8,1.842042764527677,1,0,209,15.150000000000034
1412,24.825124874888452,593.9182768451057,19.8,68,60.81468793769466,0.050512,1256,38.9,15,3.2887047660469615,0.3024050523401679,0.6975949476598322,257.2,10.550000000000011
1413,43.04080514455788,950.2692429521688,19.76875,70.9,69.6977283304652,0.050512,1308,53.440000000000005,14,3.1468875996978896,0.15681788828804546,0.8431821117119546,311.20000000000005,10.350000000000025
1414,15.871989911410347,631.3131313131306,16.44324324324324,35.4,43.47724477291878,0.05860800000000001,1059,28.483333333333334,10,4.2926551086422196,0.5684194104089588,0.4315805895910413,350.70000000000005,12.150000000000034
1415,40.74009306527392,865.8008658008652,19.866666666666667,62.1,72.7319686177518,0.05544000000000001,1196,49.833333333333336,12,2.769667090108979,0.8331271225512581,0.166872877448742,363.6,11.250000000000057
1416,7.125341912231273,375.657400450789,13.7,35.5,55.301947177996766,0.042592,280,23.625,6,3.7480431215588426,1,0,216.2,16.650000000000034
1417,59.57392466752237,912.5344352617076,22.635849056603774,82,79.63906548448307,0.05808000000000001,1134,65.2,20,6.657420248543039,0.4889300306322717,0.5085858115967081,282.8,11.750000000000057
1418,17.427678708531516,503.4522439585729,17.10952380952381,50.2,72.86299414071576,0.041712,386,38.05,9,3.949114352218856,0.9719566541320676,0,301.3,14.850000000000025
1419,23.481931426239058,943.8236182422216,15.626,38.1,55.08350686267606,0.05297600000000001,1011,32.3,10,1.2779188886149075,0.9135704719614268,0.08642952803857326,324.70000000000005,13.250000000000057
1420,63.14704324383511,1276.1302868254716,18.673809523809524,120,90.35970373771828,0.06582400000000001,2072,63.714285714285715,21,7.751119990470321,0.6638998260254352,0.2779501621591292,228.1,6.250000000000057
1421,82.0575634708647,2203.1539888682814,18.266666666666666,89,65.18900985521742,0.051744,2251,53.74,19,5.007817827208549,0.35022628618485335,0.6475125966557798,254.4,5.650000000000034
1422,40.74112684778662,1326.891671203049,16.01923076923077,58.9,72.81719788697144,0.058784,763,46.53333333333333,22,7.21956897497258,0.460390393101214,0.5359515300839518,255.9,12.950000000000044
1423,37.856397949154776,636.024423337856,19.826666666666664,75.1,97.97236542737228,0.04716800000000001,607,58.28,10,2.6440653047139437,0.9563487741000516,0.04365122589994839,270.6,13.350000000000025
1424,26.94083592478677,745.1564828614005,17.478125,54.1,72.3360305779961,0.042944,673,43.9,11,4.164563480328196,0.6428163751853347,0.3437026132228066,276.3,13.350000000000025
1425,8.396499348382918,423.72881355932213,13.99090909090909,30.4,55.01690814508065,0.05192000000000001,160,26.16,11,3.656376602914052,0.9741525777790156,0,270.2,16.950000000000045
1426,55.2820920227176,859.2873176206514,22.869387755102043,88,76.02601065463436,0.057024,2168,57.6,14,6.944997914060289,0.5230894529752863,0.4769105470247138,219.2,5.150000000000034
1427,51.666024463817195,846.628537025888,22.77777777777778,76.7,71.33878555438143,0.053152,1464,56.98,15,6.691773699850854,0.419984969034886,0.580015030965114,261.8,11.350000000000025
1428,22.41315780567872,1268.115942028986,13.690909090909091,38,45.07938401834829,0.06072,2056,29.716666666666665,14,3.9383224405565542,0.8734715161411725,0.12652848385882762,298.8,6.150000000000034
1429,41.9044132592535,740.3581267217627,26.01627906976744,36.2,25.74230358490059,0.05808000000000001,1652,35.166666666666664,1,1,1,0,317.70000000000005,9.450000000000044
1430,36.880630655190714,789.1414141414144,21.77777777777778,49.1,51.03420847683138,0.057024,930,38.6,11,1.3828802265802216,0.974129489298553,0,321.90000000000003,12.350000000000025
1431,26.75705124794252,522.1130221130219,21.126470588235293,61.1,68.98837263641666,0.06512000000000001,1520,45.3,11,3.9767451460923207,0.7987384799858015,0.19668165152308767,186.4,8.850000000000023
1432,51.89312641073106,607.4899942824469,24.85,99,88.56339936449397,0.055968,2291,62.483333333333334,10,2.8540700461369233,0.18919267910327825,0.8108073208967218,215.4,5.050000000000011
1433,39.26333024407799,255.5835168291916,33.676923076923075,101,88.6020086722944,0.050864,1532,62.92,8,3.865367718784539,0.8485209325895198,0.1391207384162332,251.2,8.950000000000045
1434,18.670593562252822,778.619528619528,16.037837837837838,36.6,43.84017799372435,0.04752000000000001,2062,27.166666666666668,7,1.6096605855020896,0.21549806500448,0.7845019349955201,254.9,6.250000000000057
1435,59.602328123830034,1231.060606060603,20.142857142857142,69.9,72.46372162481224,0.07392,2507,59.4,16,5.992782508167747,0.26688042185434485,0.7331195781456551,283.40000000000003,7.950000000000045
1436,4.837604162081374,708.2152974504246,8.993181818181819,15,27.766647441482124,0.06212799999999999,510,13.566666666666666,15,7.832950533355343,0.4551164616592514,0.31424900668554173,300.6,13.050000000000011
1437,38.64006530699263,1420.4545454545466,15.830135135135135,61.3,62.23927173805788,0.052096,277,42.739999999999995,20,3.225380586793088,0.34743668519903165,0.610992826420095,298.8,15.150000000000034
1438,12.339260671303082,666.1442006269591,13.485294117647058,39.5,55.30897409280938,0.05104,1218,28.2,18,6.3781034748986976,0.8035606309940222,0.14632685551583985,317.1,11.350000000000025
1439,31.825986332813677,660.6765327695556,20.32857142857143,59.6,70.59960974627006,0.05297600000000001,1695,48.52,8,1.961136597206172,0.9196903409623424,0.08030965903765774,166.20000000000002,7.950000000000045
1440,21.591722054478723,1167.261741279868,14.489705882352942,33.8,35.15731535863663,0.05825600000000001,2118,25.883333333333333,8,1.9676613690845743,0.9063767943085714,0.09362320569142855,195.1,5.350000000000023
1441,41.987954141484785,705.3291536050161,22.416666666666668,97.4,71.96785886874169,0.07656,2255,53.6625,11,3.476779193328121,0.6968509446297328,0.28354095670890506,272.1,6.9500000000000455
1442,38.59331437160822,1164.5962732919263,18.65909090909091,39.9,46.38505327426654,0.05667200000000001,1581,37.583333333333336,20,6.524255368693488,0.6271347561083035,0.3728652438916965,308.20000000000005,7.750000000000057
1443,39.79221409712074,826.1124981641937,18.544444444444444,78.4,89.50829713754261,0.054472,311,58.66,13,4.861593352761313,1,0,198.5,17.950000000000045
1444,36.30281527545035,1558.2243843113424,15.419512195121952,34.7,50.06673740814567,0.052624,590,32.35,15,3.4808002681694012,0.8915190082901802,0,267.90000000000003,14.050000000000011
1445,19.973778209836567,1316.9777242624923,12.334285714285716,30.9,52.26870797004294,0.053152,415,28.36,17,4.287843474103929,0.9696857644349788,0,271.6,14.950000000000044
1446,25.912917975754308,2029.220779220785,11.636190476190476,30.4,45.02712646229918,0.051744,482,27.98,21,4.516901301281519,0.9780419132064124,0.0219580867935875,267.8,14.750000000000057
1447,19.909597521647743,1372.079932451451,12.047435897435898,40.5,52.58068211683039,0.056848,212,28.25,10,4.386873046763789,0.8826528111367089,0.0503153158482766,196.6,16.450000000000045
1448,16.404543493880084,366.5689149560115,22.1625,36.4,41.31980362662768,0.043648,411,32.925,8,4.508099646519754,1,0,274.7,15.050000000000011
1449,36.38221257881082,1775.5681818181806,13.568888888888887,48.9,64.93818397327135,0.050688,480,40.14,14,5.464735434228111,1,0,276.3,15.350000000000025
1450,35.21143225712871,2217.7419354838694,12.763636363636364,36.8,49.28482008680745,0.05456,271,33.36,18,6.563241892489989,0.7534288076502795,0.24168569793190375,251.2,16.350000000000023
1451,56.95442779138256,1484.7956921127663,18.53066666666667,53.6,65.42162026288712,0.050512,842,44.46,15,1.51405616730063,0.9605314429734394,0,281.6,13.150000000000034
1452,35.01765964240479,1142.624593037816,16.983561643835618,53.2,59.808694264875285,0.063888,695,41.2,19,6.208860283605199,0.9646371547815052,0,291.7,13.250000000000057
1453,31.721468580028404,2527.429467084644,11.68372093023256,29,41.46920014247852,0.05104,463,25.1,20,10.75714903598444,0.7581264645880673,0.2418735354119327,301,14.750000000000057
1454,12.956395207362512,726.9666360575453,13.763157894736842,34.3,45.09035615787653,0.052272,584,26.14,11,6.085641435056483,1,0,290.40000000000003,14.050000000000011
1455,24.393538384125407,1128.4447260057011,14.731578947368421,46,52.253577320377296,0.050512,878,34.54,15,5.059678947253819,0.7760924669716396,0,306.8,12.650000000000034
1456,30.22796300527969,843.3948863636359,17.321052631578947,60.5,73.15175918274267,0.045056,524,43.12,16,8.596352595286632,0.7863859600984097,0.2030342413562316,302,14.450000000000044
1457,36.11335400581459,1549.5867768595017,14.069333333333336,57.5,71.11891578335816,0.0484,537,44.96,17,3.9125816761154817,0.8802765636589895,0.11972343634101036,289.7,14.250000000000057
1458,20.050444289809953,1179.6162315193446,13.45,35.6,44.682380406132935,0.050864,535,28.8,15,6.400108448922601,0.445753163695741,0.5463437202340454,327.20000000000005,14.550000000000011
1459,14.805165996952413,1382.6477704804706,10.9578125,21.4,37.09307689442951,0.046288,425,19.58,17,6.824165740796941,1,0,313.70000000000005,15.450000000000044
1460,21.89040493735573,635.4665071770338,19.53235294117647,38.4,39.26515550193076,0.05350399999999999,221,33.64,4,1.7727977216154485,0.6230692872741712,0.3769307127258289,290.90000000000003,17.05000000000001
1461,16.08625927988005,528.9968652037619,17.081481481481482,46.7,58.2705317847915,0.05104,270,34.62,6,3.198678767989703,1,0,323.5,16.05000000000001
1462,25.727315939380325,544.6302402260952,19.994594594594595,71.4,72.00431107034069,0.06793600000000001,709,44.8,9,2.9224555647946895,0.9890496365298194,0,365,13.650000000000034
1463,33.11932687464085,2657.935285053932,11.446376811594202,39.3,46.09202223239788,0.05192000000000001,1119,30.88,14,4.424388900441987,0.6745939260644261,0.3050983663700629,375.6,11.750000000000057
1464,33.12655130153589,1438.434982738779,14.711,59.3,59.87478150785349,0.06952,716,38.6,25,9.18254510205118,0.8268913417625857,0.02158064716110539,350,14.150000000000034
1465,16.297104859029645,295.9280303030303,21.69333333333333,64.5,72.45577460291666,0.050688,333,37.56,8,3.5837801573071877,1,0,327.5,15.550000000000011
1466,6.377956778169668,287.4071453837991,14.153846153846152,41.6,66.67909437369808,0.04523200000000001,918,21.62,9,3.280210382430361,0.9376357002453848,0,343.40000000000003,12.550000000000011
1467,24.273288333429782,503.4522439585731,22.292857142857144,47.8,49.39085249029449,0.055616,986,38.28333333333333,12,5.620828562755408,0.6416081690585325,0.3583918309414676,361.9,12.450000000000044
1468,41.61998796848118,1041.9943378420878,18.139622641509433,60.2,74.56991991805664,0.050864,1409,52.26,14,1.968478810233376,0.22957487232634763,0.7704251276736525,297.90000000000003,8.950000000000045
1469,36.86383361540031,934.5095693779908,17.416,86.4,81.80891509370805,0.05350399999999999,1077,49.22,13,4.0303354792656005,0.2727274732899411,0.7272725267100588,310.3,10.550000000000011
1470,43.431585975372805,1713.0257801899625,14.887128712871288,70.7,67.90663915724132,0.05896,776,42.166666666666664,20,4.680920855275605,0.29600292490345537,0.6847660692449798,313.8,12.450000000000044
1471,51.35190697875921,1366.7603873789428,19.117142857142856,49.9,55.98604197123427,0.05121600000000001,801,44.379999999999995,15,4.743707196879858,0.5176728492475907,0.4723375174153342,310.90000000000003,12.550000000000011
1472,16.448094772985506,684.0985101854673,13.76388888888889,56.2,79.59500440507462,0.052624,591,37.2,8,4.399578233344076,0.7087823718949973,0,301.40000000000003,13.650000000000034
1473,29.35648760176199,1268.939393939396,13.722388059701492,70,75.68537952296396,0.0528,1397,42.66,19,5.5870341112259725,1,0,308.8,8.850000000000023
1474,36.745781520295154,1953.1249999999984,13.937373737373738,38.6,48.53422534237497,0.050688,1318,31.38,13,3.2628244272298166,0.32523298103925646,0.6683218130758759,321.90000000000003,9.650000000000034
1475,40.357168960717026,1172.438672438672,17.747692307692308,45.2,63.0501036145359,0.05544000000000001,895,42.233333333333334,15,2.208291544073166,0.8490546015515367,0.14600300297446528,322.5,11.250000000000057
1476,36.09895703230397,897.1291866028707,19.08222222222222,67,64.516872399102,0.05016,452,46.78,17,7.672617096067622,0.4916072535439917,0.47208746005210994,302.1,13.750000000000057
1477,31.64774972618884,1264.404609475033,14.982278481012658,60.1,65.20191813927848,0.06248000000000001,252,40.95,21,7.04955105641983,0.46497529263969817,0.5350247073603018,282.8,15.350000000000025
1478,20.625654061826697,799.277175423965,15.960869565217392,45.5,54.42374144310532,0.05755200000000001,1421,33.2,9,2.1204426644119967,1,0,308.40000000000003,8.950000000000045
1479,24.664680875878627,637.9585326953747,17.421875,60.5,80.11750899973946,0.05016,742,45.34,14,5.7334125556473925,0.94328869846547,0,308.6,11.550000000000011
1480,14.391875928866986,1199.4949494949492,11.535087719298245,26,38.8284744703279,0.04752000000000001,272,22.26,16,4.645994127712315,0.9503866490042232,0,288.1,14.050000000000011
1481,22.51617437991017,1401.2071938901174,12.553846153846154,58,54.91219884286262,0.064944,1009,29.8,15,2.038472156314993,0.8735824025928122,0.0445258317749753,281,11.650000000000034
1482,24.9167886087095,811.6883116883117,16.39318181818182,53.3,68.18915358339189,0.054208,764,42.36,11,6.192404002141318,0.5938290557633681,0.295217193885273,274.8,12.850000000000025
1483,22.99562277262268,1132.4586066854106,13.948275862068966,44.4,57.85057737414034,0.05121600000000001,242,32.98,13,5.832709718529569,1,0,269.90000000000003,15.650000000000034
1484,39.33388539526584,1193.18181818182,15.26190476190476,79.6,90.27332758476688,0.0528,542,55.919999999999995,18,3.921735674153321,0.14523051405149948,0.8303266283137751,304.90000000000003,14.250000000000057
1485,23.348125540815015,1031.1447811447802,16.083673469387755,30.2,34.185414519270466,0.04752000000000001,177,26.9,1,1,1,0,295,16.350000000000023
1486,5.870167329696308,956.7322711652612,8.56938775510204,14,25.525609805905543,0.05121600000000001,716,13.14,4,2.137433664274065,0.6546196421872968,0,294.3,12.450000000000044
1487,31.71906998589516,708.014726706315,20.82,46.7,56.92207217028681,0.056496,643,38.63333333333333,5,1.078254631304988,1,0,312.20000000000005,13.150000000000034
1488,8.289414961536352,495.6103086944205,13.064285714285711,35.9,50.68631805896852,0.056496,383,23.2,10,4.580676813395644,1,0,316.70000000000005,15.250000000000057
1489,19.697413058097037,545.9398252992557,20.766666666666666,30,26.02549428610914,0.04945600000000001,650,26.133333333333333,4,1.0685238607955656,1,0,327,14.450000000000044
1490,29.694389936599357,668.4491978609623,20.75625,43,56.82886582222787,0.047872,1002,40.2,4,1.1935874754135678,0.9516562767387852,0,235.8,12.750000000000057
1491,20.62432279408906,1641.8240850059033,11.251685393258429,44.5,51.60963144237877,0.054208,612,29,6,2.380732969355113,0.7332838504969732,0,255.9,13.850000000000025
1492,67.02012979913535,889.6797153024916,18.002272727272725,165.5,141.60262248590735,0.04945600000000001,1259,69.44,12,2.158266537838251,0.99896844712342,0.00103155287657986,310.5,11.450000000000044
1493,11.890412463773002,777.3171453953221,12.41190476190476,43.3,52.02807138285649,0.054032,603,24.54,12,6.486188871084502,0.7346716367739407,0.10649189931036558,338.70000000000005,13.450000000000044
1494,23.701791070567,1198.7651077246474,13.1986301369863,43.2,67.17791656956003,0.060896,583,37.4,18,4.826302963198683,0.9616859704396666,0,347.40000000000003,13.950000000000044
1495,11.900363619141656,996.810207336523,11.178,26.8,47.007289913025566,0.05016,803,23.62,13,3.089348402489279,0.7749691704192266,0.2250308295807734,352.6,13.150000000000034
1496,20.325686557240317,539.5198273536552,17.990625,57.2,70.5389144301382,0.05931200000000001,798,39.28333333333333,12,2.332478666770866,0.9400999870333818,0.04811863975373032,358.70000000000005,12.850000000000025
1497,36.62375008887316,750.4288164665523,21.007142857142856,65.5,64.65602932619919,0.055968,644,46.8,18,7.170578311816075,0.7317717197290757,0.24494230272262552,363.2000000000001,13.450000000000044
1498,70.56457398933061,1685.606060606064,21.453932584269666,41.7,39.98062153603738,0.0528,1724,38.95,6,2.089662403404736,0.978983419419106,0,309.8,8.250000000000057
1499,23.28665239937025,1355.8884297520667,11.748809523809523,71.4,76.89095546216032,0.06195200000000001,977,36.03333333333333,12,4.688183980677052,0.873464333491684,0.06467114076489787,329.5,11.250000000000057
1500,42.888422151394465,1051.5053128689492,18.82280701754386,56.8,68.85502414123191,0.054208,977,48.4,14,7.521479873386547,0.5087694514648267,0.49123054853517334,357.5,12.150000000000034
1501,33.39340003670471,668.4491978609624,20.6,55.3,72.94809939275054,0.023936,669,52.45,9,4.798014506265693,0.9643328352862024,0,235.9,13.850000000000025
1502,28.66534403566464,611.5845959595957,22.66774193548387,39.5,40.84290145276323,0.050688,992,36.76,8,1.8366211367907204,0.7691002661773123,0.2254932910598944,260.1,11.650000000000034
1503,19.34634688689719,878.9552988448017,14.553571428571429,50.6,57.35913317265593,0.06371200000000002,1618,32.68333333333334,12,2.8025240662551227,0.3564415769221661,0.6247926497889686,334.6,8.150000000000034
1504,24.461439998512628,363.6363636363637,23.275,64,78.72649345238459,0.044,883,44.86,8,2.4799523224550466,0.991608606575583,0,343,11.350000000000025
1505,23.080924559366945,670.5251270468666,18.518421052631577,44.5,53.43615126595718,0.05667200000000001,1002,36.28333333333333,7,3.3843697182279144,0.9062670244521784,0,364.1,11.150000000000034
1506,30.147859362301705,691.438191438191,18.306521739130435,61.9,81.92242437506286,0.066528,560,50.01428571428571,15,6.927220734927059,0.8386217748211799,0.1592067231737857,352.20000000000005,14.250000000000057
1507,28.65977751768652,993.3248569612203,15.566,62.1,72.57184808761387,0.050336,1290,41.94,9,4.579990647760744,0.27831828677904846,0.7216817132209514,376.1,10.750000000000057
1508,26.11729810672392,1024.5901639344272,14.96,49,67.71463326329916,0.05368,1651,40.62,11,3.253890818562827,0.9726900877257378,0,269.40000000000003,7.850000000000023
1509,42.28431245809321,1245.8471760797322,18.953030303030303,38.2,45.40129933419115,0.05297600000000001,1490,35.98,10,2.0086026243528226,0.7298948568133593,0.09508611019762786,286.2,8.550000000000011
1510,47.949675914316,1271.7426977354778,16.753225806451614,95,84.97374816384078,0.048752,2142,48.4,7,3.1187811647562618,0.32728555053140346,0.6458987986081344,305,5.150000000000034
1511,19.851690785469383,1178.169656430527,13.8,28.2,35.861014697553685,0.052624,1912,24.44,4,1.7145909808850257,0.8726500909642206,0.12734990903577934,331.5,6.550000000000011
1512,31.280660157294307,577.8120184899849,22.34,64.2,62.790738226969744,0.05192000000000001,1198,46.5,13,5.471820790513471,0.5826461575844564,0.4173538424155437,354.8,10.750000000000057
1513,31.51205381111052,1604.2780748663122,14.25,43.4,48.379764805243546,0.05984000000000001,1418,31.557142857142857,18,6.045046407905806,0.7672761215435805,0.2327238784564195,364.8,9.550000000000011
1514,41.14101798359293,2257.371007371006,13.15374149659864,61.1,58.609391498360985,0.06512000000000001,611,36.44285714285714,23,7.91399208951885,0.39692695374447495,0.603073046255525,257.6,14.150000000000034
1515,43.350820759951134,2345.7047539616287,13.264444444444443,52.4,58.30105484936783,0.05755200000000001,468,40.06666666666666,33,10.975355231675456,0.7545150583670709,0.22257559830461193,256.6,13.850000000000025
1516,7.806358719021778,914.7199549676338,9.675,25.5,40.49484574166459,0.056848,319,17.57142857142857,12,3.840023245182366,1,0,266.2,14.750000000000057
1517,18.64874389112462,1220.0223089793642,11.945714285714288,49.3,60.75579139905054,0.05737600000000001,427,30.45,18,6.814213461784105,0.8734934353725744,0.06403985087759924,262.6,15.050000000000011
1518,34.466597830195056,988.1422924901196,17.934615384615384,52.3,62.30431923656317,0.052624,393,45.08,17,5.953798497721753,0.7865355086938814,0.20779477026415125,290.8,13.550000000000011
1519,42.41003965431266,1139.715741485653,17.098529411764705,84.5,79.36123958178055,0.059664,472,46.27142857142857,19,8.39006468942726,0.8681075498423251,0.07494208828681456,279.40000000000003,13.550000000000011
1520,15.062010611800588,1596.8508615567457,10.204651162790698,24.1,39.37980566917963,0.05385600000000001,785,22.18,23,9.771675965605274,0.5555228513325483,0.3302496764714469,275.7,12.550000000000011
1521,50.23595376857618,1222.6697353279635,19.054411764705883,65.2,66.89164350281199,0.055616,665,51.06666666666667,20,8.528397610181823,0.7441520752690964,0.2558479247309035,302.7,13.050000000000011
1522,23.034353848426782,949.8480243161082,14.56909090909091,58,68.0513645491323,0.05790400000000001,702,36.65,21,9.429254234066532,0.5715751991146631,0.37540687817642193,305.5,13.450000000000044
1523,37.55795772003224,1544.7443181818178,14.657471264367816,66.4,66.78612239834332,0.05632,451,43.05,22,9.136470495349911,0.4608882190485405,0.5391117809514596,308.70000000000005,14.450000000000044
1524,29.7003747605672,982.042648709316,16.964285714285715,51.8,58.66776943935804,0.057024,830,37.61666666666667,19,7.475141505331798,0.704449496589802,0.27980768153909885,312.40000000000003,12.950000000000044
1525,18.419592626708223,1111.6600790513835,11.890277777777778,60.7,70.65105151417863,0.06476799999999999,520,34,14,8.181058248667327,0.8828537658677955,0.04541255712183845,284.40000000000003,13.250000000000057
1526,26.431434155351003,1676.925505050504,12.467058823529412,36.8,54.281972657967344,0.050688,419,31.56,24,7.34351162732578,0.7195123344971628,0.2804876655028372,290.2,14.050000000000011
1527,24.779675760986382,903.1791907514464,16.990909090909092,42.7,46.25217643763567,0.060896,330,31.05,13,1.49451319700823,0.9528671371203304,0.04713286287966943,292.7,14.150000000000034
1528,49.593695830941165,1048.5758876316802,20.711627906976744,53.5,64.29807707261575,0.041008,311,48.125,11,1.8916449030538625,1,0,307.3,14.350000000000025
1529,49.85020228305743,1235.1778656126494,20.42,39.3,48.57841365031289,0.052624,705,37.12,14,2.120025854027177,0.8142724747348078,0.18113667686589824,314.40000000000003,13.650000000000034
1530,55.0661680760056,1029.7146219476313,22.417857142857144,54,60.108039391562095,0.054384,851,49.24,19,1.315746730105088,0.895553248392221,0.10125063742520576,330.40000000000003,12.150000000000034
1531,27.809658685808294,921.8844069837448,16.614285714285714,59,63.213908536802975,0.053152,854,40.32,16,3.923083491039478,0.47833065282670073,0.4967093903245224,345.5,11.850000000000025
1532,26.0000260756291,994.3181818181822,15.21904761904762,54.4,66.66894169094185,0.06336,445,39,13,4.3400661462619095,0.9262765025473992,0,319.8,13.550000000000011
1533,40.88835154216264,673.5285990605132,17.215641025641027,114.3,128.4645442474995,0.05790400000000001,501,56.21666666666667,11,3.139440013006756,0.9166000215731126,0,279.40000000000003,14.150000000000034
1534,37.10249334294315,684.1980009519277,19.178260869565214,80.4,94.69445842872332,0.067232,802,53.957142857142856,10,2.2536823026474053,0.904332192982884,0.06850999755612376,310.5,11.150000000000034
1535,37.5798720642751,1097.0657584490425,19.54328358208955,39.7,37.957300282612366,0.06107200000000001,804,33.333333333333336,9,1.1041341264803453,0.9539208673187924,0.04047920379141567,315.3,12.750000000000057
1536,44.265971958600105,1485.5427591276648,17.072164948453608,58.8,55.214445536087254,0.065296,993,39,17,5.223137226025139,0.4193066825023433,0.5806933174976566,329.6,10.750000000000057
1537,38.01795370728384,2284.244471744477,13.726890756302522,27,35.45307800955222,0.052096,989,24.5,11,1.2643156945774228,0.8261766468130746,0.17382335318692538,337.1,12.650000000000034
1538,25.201661900885153,2201.0647010647053,11.489147286821703,24.1,32.438735226590445,0.05860800000000001,1064,21.2,18,4.140954787490327,0.5813808503890485,0.07754249990224908,344.40000000000003,11.250000000000057
1539,61.61955223457569,1045.3196654977069,23.875806451612902,56.7,56.72915486741733,0.05931200000000001,950,50.150000000000006,15,1.8880898055849065,0.29230840877761616,0.7076915912223838,274.3,10.950000000000044
1540,32.118194040848195,2679.3858315597477,11.470921985815604,26.4,40.13299854621909,0.052624,1358,25.1,16,6.684332464502901,0.4748607186786315,0.5251392813213683,306.2,9.650000000000034
1541,29.69248756604793,1298.7012987013004,15.0275,57.6,54.10373892666803,0.0616,1240,33.07142857142857,17,5.9535913561862,0.5722844891454217,0.40170365921386464,328,10.350000000000025
1542,18.591435431386735,1268.262987012986,12.302666666666669,31.3,48.61056111385898,0.05913600000000001,1126,28.75,13,5.129166799864685,0.7563182408765226,0.04505702410892714,332.1,11.050000000000011
1543,20.518939394031637,1293.8793879387922,12.86376811594203,29.4,47.27040171050494,0.05332800000000001,424,25.9,10,5.058338808485498,0.830263426788823,0,332.70000000000005,14.250000000000057
1544,37.07244273888219,629.3153049482165,19.68,87.2,98.19167104275635,0.055616,813,55.68333333333334,11,3.5967774173292386,0.6162245266009362,0.33324699582731293,275.6,11.350000000000025
1545,38.614303864144674,1252.2428229665063,17.429850746268656,47,54.47811248582026,0.05350399999999999,558,42.46,18,7.257957734166766,0.7718253121154596,0,280,13.050000000000011
1546,23.333339100886803,856.1643835616452,17.075757575757574,34.5,43.93027199665347,0.077088,765,30.5375,16,4.539451683616004,0.5350881288102088,0.45936689563469,309.5,12.850000000000025
1547,15.493731548699316,615.3593698720053,13.18,66.5,93.52122844243348,0.048752,490,34.44,7,2.942045900767643,0.9004879791100535,0,310.40000000000003,13.450000000000044
1548,11.527867585084508,1740.556978233038,8.84367816091954,16,28.12890597680428,0.049984,111,14.92,10,3.2451873224579693,1,0,143.1,17.55000000000001
